--
-- Base de données :  projet_vacataires
--
DROP DATABASE IF EXISTS projet_vacataires;
CREATE DATABASE projet_vacataires
DEFAULT CHARACTER SET utf8
DEFAULT COLLATE utf8_general_ci;
USE projet_vacataires;

-- --------------------------------------------------------

-- -----------------------
-- nettoyage des tables --
-- -----------------------
SET foreign_key_checks = 0;
DROP TABLE IF EXISTS batiment; 
DROP TABLE IF EXISTS document;
DROP TABLE IF EXISTS formation;
DROP TABLE IF EXISTS niveau;
DROP TABLE IF EXISTS matiere;
DROP TABLE IF EXISTS poste;
DROP TABLE IF EXISTS remuneration;
DROP TABLE IF EXISTS salle; 
DROP TABLE IF EXISTS sessions;
DROP TABLE IF EXISTS type;
DROP TABLE IF EXISTS utilisateur;
DROP TABLE IF EXISTS cours;

-- ----------------------
-- création des tables --
-- ----------------------
SET foreign_key_checks = 1;

--
-- Structure de la table batiment
--
CREATE TABLE IF NOT EXISTS batiment (
  idbatiment int(11) NOT NULL AUTO_INCREMENT,
  codebatiment varchar(2) NOT NULL,
  libellebatiment varchar(255) NOT NULL,
  PRIMARY KEY (idbatiment)
) ENGINE=InnoDB;

--
-- Structure de la table document
--
CREATE TABLE IF NOT EXISTS document (
  iddocument int(11) NOT NULL AUTO_INCREMENT,
  email varchar(100) NOT NULL,
  libelledocument varchar(255) NOT NULL,
  documentblob mediumblob NOT NULL,
  PRIMARY KEY (iddocument)
) ENGINE=InnoDB;

--
-- Structure de la table formation
--
CREATE TABLE IF NOT EXISTS formation (
  idformation varchar(255) NOT NULL,
  nomformation varchar(255) NOT NULL,
  responsable varchar(255) NOT NULL,
  secretaire varchar(255) NOT NULL,
  PRIMARY KEY (idformation)
) ENGINE=InnoDB;

--
-- Structure de la table niveau
--
CREATE TABLE IF NOT EXISTS niveau (
  idniveau int(11) NOT NULL AUTO_INCREMENT,
  nomniveau varchar(2) NOT NULL,
  PRIMARY KEY (idniveau)
) ENGINE=InnoDB;

--
-- Structure de la table nommatiere
--
CREATE TABLE IF NOT EXISTS nommatiere (
  idnommatiere int(11) NOT NULL AUTO_INCREMENT,
  intitulematiere varchar(255) NOT NULL,
  PRIMARY KEY (idnommatiere)
) ENGINE=InnoDB;

--
-- Structure de la table matiere
--
CREATE TABLE IF NOT EXISTS matiere (
  idmatiere int(11) NOT NULL AUTO_INCREMENT,
  intitulematiere int(11) NOT NULL,
  idformation varchar(255) NOT NULL,
  idniveau int(11) NOT NULL,
  PRIMARY KEY (idmatiere)
) ENGINE=InnoDB;

--
-- Structure de la table poste
--
CREATE TABLE IF NOT EXISTS poste (
  idposte int(5) NOT NULL,
  intituleposte varchar(50) NOT NULL,
  PRIMARY KEY (idposte)
) ENGINE=InnoDB;

--
-- Structure de la table remuneration
--
CREATE TABLE IF NOT EXISTS remuneration (
  idremuneration int(11) NOT NULL AUTO_INCREMENT,
  montantremuneration float(3,2) NOT NULL,
  dateremuneration date NOT NULL,
  email varchar(100) NOT NULL,
  PRIMARY KEY (idremuneration)
) ENGINE=InnoDB;

--
-- Structure de la table salle
--
CREATE TABLE IF NOT EXISTS salle (
  idsalle int(11) NOT NULL AUTO_INCREMENT,
  numerosalle varchar(11) NOT NULL,
  idbatiment int(11) NOT NULL,
  PRIMARY KEY (idsalle),
  KEY idbatiment (idbatiment)
)  ENGINE=InnoDB;


--
-- Structure de la table sessions
--
CREATE TABLE IF NOT EXISTS sessions (
  id int(11) NOT NULL AUTO_INCREMENT,
  sessionid varchar(255) NOT NULL,
  user_id varchar(255) NOT NULL,
  device varchar(255) NOT NULL,
  ip varchar(50) NOT NULL,
  datetime timestamp NOT NULL DEFAULT CURRENT_TIMESTAMP ON UPDATE CURRENT_TIMESTAMP,
  PRIMARY KEY (id)
) ENGINE=InnoDB;


--
-- Structure de la table type
--
CREATE TABLE IF NOT EXISTS type (
  idtype int(3) NOT NULL AUTO_INCREMENT,
  libelletype varchar(255) NOT NULL,
  PRIMARY KEY (idtype)
) ENGINE=InnoDB AUTO_INCREMENT=4;


--
-- Structure de la table utilisateur
--
CREATE TABLE IF NOT EXISTS utilisateur (
  email varchar(100) NOT NULL,
  mdp varchar(50) NOT NULL,
  nom varchar(50) NOT NULL,
  prenom varchar(50) NOT NULL,
  poste int(2) NOT NULL,
  adresse varchar(250) DEFAULT NULL,
  datenaissance date DEFAULT NULL,
  tempid int(11) DEFAULT NULL,
  PRIMARY KEY (email)
) ENGINE=InnoDB;

--
-- Structure de la table cours
--
CREATE TABLE IF NOT EXISTS cours (
  idcours int(11) NOT NULL AUTO_INCREMENT,
  datecours date NOT NULL,
  heuredebutcours time NOT NULL,
  heurefincours time NOT NULL,
  idmatiere int(11) NOT NULL,
  idsalle int(11) NOT NULL,
  idtype int(11) NOT NULL,
  enseignant varchar(255) NOT NULL,
  PRIMARY KEY (idcours)
) ENGINE=InnoDB;

-- ------------------------------
-- gestion des clés étrangères --
-- ------------------------------
ALTER TABLE matiere ADD CONSTRAINT FK_idformation_matiere FOREIGN KEY (idformation) REFERENCES formation(idformation) ON DELETE CASCADE ON UPDATE CASCADE;
ALTER TABLE matiere ADD CONSTRAINT FK_idniveau_matiere FOREIGN KEY (idniveau) REFERENCES niveau(idniveau) ON DELETE CASCADE ON UPDATE CASCADE;
ALTER TABLE matiere ADD CONSTRAINT FK_idnommatiere_matiere FOREIGN KEY (intitulematiere) REFERENCES nommatiere(idnommatiere) ON DELETE CASCADE ON UPDATE CASCADE;
ALTER TABLE salle ADD CONSTRAINT FK_idbatiment_salle FOREIGN KEY (idbatiment) REFERENCES batiment(idbatiment) ON DELETE CASCADE ON UPDATE CASCADE;
ALTER TABLE cours ADD CONSTRAINT FK_enseignant_cours FOREIGN KEY (enseignant) REFERENCES utilisateur(email) ON DELETE CASCADE ON UPDATE CASCADE;
ALTER TABLE cours ADD CONSTRAINT FK_idtype_cours FOREIGN KEY (idtype) REFERENCES type(idtype) ON DELETE CASCADE ON UPDATE CASCADE;
ALTER TABLE cours ADD CONSTRAINT FK_idsalle_cours FOREIGN KEY (idsalle) REFERENCES salle(idsalle) ON DELETE CASCADE ON UPDATE CASCADE;
ALTER TABLE cours ADD CONSTRAINT FK_idmatiere_cours FOREIGN KEY (idmatiere) REFERENCES matiere(idmatiere) ON DELETE CASCADE ON UPDATE CASCADE;
ALTER TABLE formation ADD CONSTRAINT FK_responsable_formation FOREIGN KEY (responsable) REFERENCES utilisateur(email) ON DELETE CASCADE ON UPDATE CASCADE;
ALTER TABLE formation ADD CONSTRAINT FK_secretaire_formation FOREIGN KEY (secretaire) REFERENCES utilisateur(email) ON DELETE CASCADE ON UPDATE CASCADE;
ALTER TABLE utilisateur ADD CONSTRAINT FK_idposte_utilisateur FOREIGN KEY (poste) REFERENCES poste(idposte) ON DELETE CASCADE ON UPDATE CASCADE;
ALTER TABLE document ADD CONSTRAINT FK_utilisateur_document FOREIGN KEY (email) REFERENCES utilisateur(email) ON DELETE CASCADE ON UPDATE CASCADE;
ALTER TABLE remuneration ADD CONSTRAINT FK_utilisateur_remuneration FOREIGN KEY (email) REFERENCES utilisateur(email) ON DELETE CASCADE ON UPDATE CASCADE;
-- -------------------------
-- remplissage des tables --
-- -------------------------
--
-- Déchargement des données de la table batiment
--
INSERT INTO batiment (idbatiment, codebatiment, libellebatiment) VALUES
(1, 'E', 'CLAM'),
(2, 'I', 'ENSISA Lumière'),
(3, 'K', 'FST18');

--
-- Déchargement des données de la table salle
--
INSERT INTO salle (idsalle, numerosalle, idbatiment) VALUES
(1, '107', 3),
(2, '37', 2),
(3, '4', 1),
(4, 'A', 1),
(5, 'Amphi A', 3),
(6, 'Amphi GB', 3),
(7, 'Labo', 1);


--
-- Déchargement des données de la table poste
--
INSERT INTO poste (idposte, intituleposte) VALUES
(1, 'Vacataire'),
(2, 'Responsable Formation'),
(3, 'Responsable Administratif'),
(4, 'Contrôle de Gestion'),
(5, 'Responsable Financier');

--
-- Déchargement des données de la table type
--
INSERT INTO type (idtype, libelletype) VALUES
(1, 'TD'),
(2, 'TP'),
(3, 'CM'),
(4, 'Examen');

--
-- Déchargement des données de la table utilisateur
--
INSERT INTO utilisateur (email, mdp, nom, prenom, poste, adresse, datenaissance, tempid) VALUES
('bruno.adam@uha.fr', '3f9a7149b08b11538c9210e9d202ad1b', 'Adam', 'Bruno', 2, 'adresse renseignée par bruno adam', '1970-02-02', 0),
('jessica.blyet@uha.fr', 'a7735c4780885a5cd06085e13289d81d', 'Blyet', 'Jessica', 4, '', '1991-04-04', NULL),
('lionel.signolet@uha.fr', 'caa4809b8ab788afde5c3b22e209ca26', 'Signolet', 'Lionel', 5, '', '1974-05-05', NULL),
('patricia.bonte@uha.fr', '6e41125b44e89615a477440ce0a24008', 'Bonte', 'Patricia', 3, '', '1980-03-03', NULL),
('joel.heinis@uha.fr', '5aa93f42a1ff6635b542a50f94fd8e16', 'Heinis', 'Joel', 1, '', '1978-01-01', NULL),
('mahmoud.melkemi@uha.fr', '5337b8eb7a6f3897b0b7e56a94963f05', 'Mahmoud', 'Melkemi', 2, '', '1942-02-02', NULL),
('evelyne.ducrot@uha.fr', 'dfb6b5fd7a9440e77eb6e4a4bf6925c8', 'Evelyne', 'Ducrot', 2, '', '1978-02-02', NULL),
('enrico.monti@uha.fr', '8e38b58c61f6441e10665dfb77e62832', 'Enrico', 'Monti', 2, '', '1968-02-02', NULL),
('alexandre.binder@uha.fr', 'd53a8cb881ea1f8962d2cabae804f91b', 'Binder', 'Alexandre', 1, '27 Avenue DMC 68200 Mulhouse', '1991-03-12', NULL),
('thierry.sahler@uha.fr', 'b55740fca1ac693097824d2f1634b5cd', 'Sahler', 'Thierry', 1, '', '1965-01-01', NULL),
('julie.ehmer@uha.fr', '1d1c6e8664b45442adc8cd2a52a1a83c', 'Ehmer', 'Julie', 3, '', '1980-03-03', NULL),
('pierrette.figenwald@uha.fr', '9a901060ebafa6fd6ad3991bb5d1a112', 'Figenwald', 'Pierrette', 3, '', '1980-03-03', NULL);


--
-- Déchargement des données de la table formation
--
INSERT INTO formation (idformation, nomformation, responsable, secretaire) VALUES
('AGEC', 'Administration et Gestion des Entreprises Culturelles', 'evelyne.ducrot@uha.fr', 'julie.ehmer@uha.fr'),
('IMR', 'Informatique Mobile et Répartie', 'mahmoud.melkemi@uha.fr', 'patricia.bonte@uha.fr'),
('LEA', 'Langues Étrangères Appliquées ', 'enrico.monti@uha.fr', 'pierrette.figenwald@uha.fr'),
('MIAGE', 'Méthodes Informatiques Appliquées à la Gestion d\'Entreprise', 'bruno.adam@uha.fr', 'patricia.bonte@uha.fr');


--
-- Déchargement des données de la table niveau
--
INSERT INTO niveau (idniveau, nomniveau) VALUES
(1, 'L1'),
(2, 'L2'),
(3, 'L3'),
(4, 'M1'),
(5, 'M2');

--
-- Déchargement des données de la table nommatiere
--
INSERT INTO nommatiere (idnommatiere, intitulematiere) VALUES
(1, 'Architecture N-Tiers'),
(2, 'Anglais'),
(3, 'Contrôle de Gestion'),
(4, 'Langages Formels');


--
-- Déchargement des données de la table matiere
--
INSERT INTO matiere (idmatiere, intitulematiere, idformation, idniveau) VALUES
(1, 1, 'MIAGE', 4),
(2, 1, 'IMR', 4),
(3, 3, 'MIAGE', 4),
(4, 4, 'IMR', 4),
(5, 2, 'MIAGE', 4),
(6, 2, 'IMR', 4),
(7, 2, 'LEA', 1);

--
-- Déchargement des données de la table cours
--
INSERT INTO cours (idcours, datecours, heuredebutcours, heurefincours, idmatiere, idsalle, idtype, enseignant) VALUES
(1, '2017-12-09', '08:00:00', '12:00:00', 1, 1, 1, 'joel.heinis@uha.fr'),
(2, '2017-12-16', '08:00:00', '10:00:00', 1, 1, 1, 'joel.heinis@uha.fr'),
(3, '2017-12-16', '10:00:00', '12:00:00', 1, 1, 4, 'joel.heinis@uha.fr'),
(4, '2017-12-09', '08:00:00', '12:00:00', 2, 1, 1, 'joel.heinis@uha.fr'),
(5, '2017-12-16', '08:00:00', '10:00:00', 2, 1, 1, 'joel.heinis@uha.fr'),
(6, '2017-12-16', '10:00:00', '12:00:00', 2, 1, 4, 'joel.heinis@uha.fr'),
(7, '2017-12-08', '08:00:00', '12:00:00', 3, 1, 3, 'thierry.sahler@uha.fr');

INSERT INTO `document` (`iddocument`, `email`, `libelledocument`, `documentblob`) VALUES ('1', 'joel.heinis@uha.fr', 'test', 0x89504e470d0a1a0a0000000d494844520000037f0000017608020000005145b639000000017352474200aece1ce90000000467414d410000b18f0bfc6105000000097048597300000ec300000ec301c76fa8640000ee4649444154785eec9d07401cc7d5c78fae86ba04121d75c9b63ab22a2a2e7153b3e3b8c5891dc729b6f3393d76ec543bb155689280bb03895e54a8ea9403d98ed505a83750af7454802bfbbdf7666f394ea82140487a3f1ebb33b3b3b37bbb6f67fe3bdb5412c3300cc3300cc3b415ac3e19866118866198b683d527c3300cc3300cd376b0fa64188661188661da0e569f0cc3300cc3304cdbc1ea93611886611886693b587d320cc3300cc3306d07ab4f866118866118a6ed60f5c9300cc3300cc3b41dac3e19866118866198b683d527c3300cc3300cd376b0fa64188661188661da0e569f0cc3300cc3304cdbc1ea93611886611886693b587d320cc3300cc3306d07ab4f866118866118a6ed60f5c9300cc3300cc3b41dac3e19866118866198b683d527c3300cc3300cd376b0fa64188661188661da0e569f0cc3300cc3304cdbc1ea93611886611886693b587d320cc3300cc3306d07ab4f866118866118a6ed60f5c9300cc3300cc3b41dac3e19866118866198b683d527c3300cc3300cd376b0fa64188661188661da0e569f0cc3300cc3304cdbc1ea93611886611886693b587d320cc3300cc3306d07ab4f866118866118a6ed60f5c9300cc3300cc3b41dac3e19866118866198b683d527c3300cc3300cd376b0fa64188661188661da0e569f0cc3300cc3304cdbc1ea93611886611886693b587d320cc3300cc3306d07ab4f866118866118a6ed60f5c9300cc3300cc3b41dac3e1986611e548cf06f22c310c330cc8301ab4f866198071503284f213d517db2026518e6c180d527f35021ba81cc41830991e30cf3f06100278701c84ef673a6bd81d531fceb8d92d1c00eca3486d527f35081d59d1c84eaae9e7b8398871a68dbeb4d929efc5eeeff5cffbe4af5fe7a3119c32ad5a4a0a3220a1c0d9a649e8a414bcc3301d693b004cb7201cc625930c33405aacf7abd64d4cb51316218569fcc4309d671f06fa4261911cdb0198b469410531ba75a35c016132dca32a736d55a334cab036d3b757bc2d87cae65a912213c6912b86683f7a2a7cab1c6fa91bcda1cb5c8d500397993f3324cd350252c6a61d94f597e3232ac3e99870b6c868d92d16490243cdb3699be5dbf12c6d80c9b1b4bcb5694c089efbf6fd5de366a5f1b5af44633af7f5fce81a98de6669836019c1d5d1eafbf83fa441a7c5576fbf5962e6be1a98d3c1c69ece54df8b3d9f9cd6386b9152038c13d5182a261cd0c6eca3002569fccc305d67168a03ec18082efb26048cdb0d2d05a36d0e669d60d6ee3b65999bf71b219eb9919a68d90d5a711afbf1396ce2dbbad85d35a78ea8daeaccc7a537fa6791af7a632cc4d10b213bd93fc945c956164587d320f1be62acf00759d52d929ea1169dcec9a275935c696510c5bb6d9375c5ac7446e8f99fb009d6dd1554d7cfc1d129a509f2251f1720b4f6eecc7caacc2c9152c5d1bf358bb3fc3dc0caa8ec135ebc800f22dabcab2c12b2dbd57f89ac09c66e1bf02c873a3135b2fe086b92c1664e5eb8072a058c22edfe2b0fa641e36a0bac3db8c487d6280b0aca3b0de512258c9c8118ba01c53b0aa7a440567558a0556151dc3b412e0ec06707373137f53f5a9783d7aaa3cb5b1bf23caac16b91a4339deb75802c3dc14a882f1750c500bd35b196af1c9f7fac61e4a58243404a94e3567bbf93d4e30432327c67893b751354a68b44c0b1a8e899b1e024c4bc1ea9379d8c0061947d8f349aff9c02b9258d72858d4560db5cd2d224d57549483ab2ae6be62928c465977caa75a96de8a4db1e2ec3421a8c1531bb93bd230e74dfc5999e3264704c35822ee82a291512fe9eba47a23dd9d6ce53e96d1c63ed8c83d891b3c1366b0cc25a2d6b99af067ab75202c17d9c42c4ccbc2ea9379d8a0765854798dd4e78d3599a862acb0ac7d9a0a5ba2d4505c5531f70d239e6781f404036f6fd4ac36767bb3b7cb531b7b354db474f81bfcd9323fe5668f676e85a87b45656cac93f47a909e26ba3bb991f4bb59847cccbadebdc1331bbbb83966e9abc00d73592d95683c4f13b3302d0bab4fe6e102db5fb3eca43659f40935aea3cc600dd42819ab1cb9ce695c1799eb2a486d9c28625c5531f7177277b3ab2bbe68edf6e4dfe6a922a26099d16a124ea3240b1fb78e338c3526492fbf8c964428de0905753362e1a48d7dd4d27b018cca0e2812d0ed1a799de5ec38518e5804e59895af5a2dc86a0611b7c06a6ea60560f5c93c5c60e5066db01e1f02c63f11b5aae264ac2b204449b3aa8d1aa59b51a65b55554d2c8b6118e691a2e1be4f149d1850eec4c71a93ea53ab9ab9a93a5954af2297329f198bf9715aa32ab951c4aad4c60b6a949b686216a66561f5c93c9490f044ed0901bc0b94611886694ba0e6a55bf04555ac87aa189f8f13c87acf4a7c36ad3e2db4a0b54cb48863d00a734e65f6062c17645d28d2c42c4ccbc2ea9379a8902b3a19081ae9d59f0cc3304c9b226a637385ac97a45a7af65d40926f92b5ec5344214c6e9882a9961a539185161ad2228fc022671352b2614e5a112bedd9e42c4ccbc2ea9379a8b0a8ec00084265a7d4770cc3304c9ba15c838221f6841a8c0db531a9c39b8b4279bae0465929a34cb098514149b39c03c0996e360dc174ebe41bf529738fb0fa641e7af0dd4b3210c61bdfe12cbc5e96a6986ac01a11a3f2ab13e99651c96434d22df278ed1e02f8621b83d18069541066d0d3239c380f3e778c33d3249c11fe71161841858bfdaf9013e636ea2102f31830031a04a844985a6732c05ae1bac0bc0693a437c072d170056829b05428c10039210b168bd9310715866bda08fcf10cc330f707514329151155890c2360f5c93ce4c84a4c409210aa437c2809aa451898a43a506e544bc21fde9784228fea4b4c15f527fe0950e4e1140ce1cc18155a51d69e04dd6d4f9a11473437a5e3c2692110453169003d6baaa7953290f4c4cc62317a2c04a238ab64a05ba6a02852c01087b9404053665c052a11bb16682138a0d5566e39b0a8fe198661da06ac40b1863487b906621a60f5c93ce4c85a4c01bb1bf19b6fa811a92712741c6500bd467523862d1ecec40990467a916a521105a987321667a0305e53826220acc714c8059a12652e154d395189627130409908ab01a2114424ce8762110529066909d83b8b429582988df42c18e68152604a9d4982f5a709381d82b0685c1f2c8496425108c06401cec9300cd316508585f51cd685222a4f6118569fcca306ea32b31cc36be042e0511a08420a90a0c3b0790205e01fd2290fa5c3400e9ba334c03c380fd6b74608e1f2508bc2c2943271328946ca428839e5901841c03c8388cb315c2118d41b5080e27b4c28056b799c0043ca682e0fc272c14a510cc3306d83a806a98aa25a8a3ef92ece9ae53a8ed2e5fa0da1a088e01066c5537ac80f21cc244cd4b408968409f224f8c7c589fc222b0d49014351d81940693082002e1abb2044022d1a4630379ecc63823c01f2407968982226509d2b32884418d13ad59aa4eb5835632a24e0852cb32921f3ac8f2aac3e99470db99a20507d9ac35847d024a84294ea09c7164151fbc8584c12886a8b12711afce38571310546b0308bc9a2e714ffb012c2fc1645cb602a6697c38d6b31fc870a11ab488a2a88080c6912066e28986118a695817a07ea2caa16510e52c504835a12a0a4e1b0421375a4a8af0c905f8ee1852451fb411a56652461b1c244c35c90887969482626e1549c1192a84e854a524ea0e27075708530042580d10ae2fa401ac60808e342cd406a3d6680b1b9cea63f00c206b1aa6256181a3033fe464aa2f2c564cad13016e98f2aac3e99878f5b1cd078e0cbff72fd226a1c4c23c38845a5208fa81e813064a6fc6694c93218a7b2e11f2f9737e427e5289643332903ba5a4fe93493988060328ccc71188b32ccb1861473964688a92220af03c3304c9b61aefeb00a827faaa76000b52e284271a109ea28f90c1d3b434d7a0862b585b9a15214f522cc8b67dd14853f39b7b982a529a21cca6d4e119360a897d3696691060551bd0903738f0376c7ca3d11300f6552d427cd65a13e0d3817968fab8a01f31d521845f0595059d7521ca7c13fcd4ea9724e4c17a14711569fcc43061de4666e38ba6112d6839403ea1aaa82e4f4c6196594748b0c383647ad6782389dd3c33f55a672052512e431cd2bc7e15f547f220ac0ec54c952e50521c84d53450e8bd500282826c000f25a4c031aaa63c022c8300cd3eac8750e545ad4f50961b9c2a51a4ea98ee46c381195a29c2e465401ca75208ee09f54a09c2a80192d2e9de33fa94318e332e902b81ca7abe754c39ad7046782915129566852cc06639a8653212c97025607d3e49f4033c86606835486807e112d1d5260888d02a5d03431e59184d527d34e301f8f04441a1f9274e4cb891046936b02b916b8213f5ae334cc47591b4f50c218807f3ca51657b495926120af80391ba5c83151cb40c0e2645c598ebc7acacac0104ac691d960206a25fca77cb02cacfd8cf41e2651a079896498b731b41098b1f1944699b10c39c8300cd3eac8150e2a31ac3f218a359da889c434b9b2139d8ed41d800a90aeb0cb88b371ca8f95231440ef9b1329547b4a267123a99c222a705a104ca6f37f886089308d5e6947a54326040bc43a16f2610a4cc055c039304c43c8ae476d4a39b05ce93ae48738ae173dbf4a793103fce3fad2cf11eb8689a245a19f890673e3daca0d8c183f92b0fa64da0fb738082d27c1310b51b3353d9392a179407561396f934589141862ad2568229f1cb74c6ec86fa6a9c5d1afb4a885014a6f946285d5a45b67661886697db01e922ba21beb2348a12e4701d57b4a6ec42a08ffa80c1b03299627de10349fb48baab5611a842c32229801675026d0ba586682f9e53534cf2d0b46fc6fbc329801fe85983643b21be6378b5e5c5b4c165345c98f24ac3e19866118866198b683d527c3300cc3300cd376b0fa64188661188661da0e569f0cc3300cc3304cdbc1ea93611886611886693b587d320cc3300cc3306d07ab4f866118866118a6ed60f5c9300cc3300cc3b41dac3e19866118866198b683d527f3f0401fb520338fcd348adc25d665ddc06d33304ccb227fbe85dcced2f16ee18494f75618e803b3e21bb3604a008cbed2d2c4dc372b533e00c5e446399a486218e651a4e5d5277d564aaaa9a9f9d39ffef4787379c2ccc89123bff9e61b51ac8016c2303780dfa5349a440b0a630319fa0b388dded0e8536c4d0053f16368f8f978e165303402a225c64ff536cc2ff2e2d77b718451582834de0d3918a6d5008f2377a6cfff19f08bd33006c003c157d179d18785e127a731ab41aa374a75e4d4a2082b6a6aafefb85ab3aef6cafaebd59b6b6b365ec7f026185eabd96ca8df4f9e2e908f23231e25f5542c7e2abbc1fbc521435fea86501d1d1b38b33c1bad60a3a38961984791d6eafbd4e974aa16c2d7d7f7e2c58b5026490186690a68cca8b1a5260fdb3608ea4d203f65a075bc13a041c7b61a6747214a66301a0da22517cd28359f60b84c6a7a2191d40037a84c5b40be48be892758a67af441f43d72469c4241e1bde09a2603f826e4a3180082f09c241d954c3baf5d8c2f3b1e78e544c89523ff3efbcd0f8bb3a79cc8f52fc9f13f9d33f56cd694b339cf9ccc99599ceb7f61c79bd5c55f551587941507d597af96a4c39254224997e8a8c3230b0e3390b71882e59a0c0693385bc34302ea6c71646056b1e278bcc0545a1786611e555aabef53a8cfa4a4a4adcd62dbb66d300c0b0b1302f4934f3e118533cc4d114d9c59044213a73795d7d76ed75fffde787dbba176abe1faf786ebffbb85e9af7e2799a0658566f52aba31fc61cf1136a32840e56b91042e889a515a0ec6612c16cc30ad0fb91d381c484fb9a3d16c24f1c06fc9f4e4b5b2e093aed45fd95757917976cf2767b6bf7769e7dcf379c32f6cee5bb1d1a56a5dbfab59ee3539fd2b72ddcaf3fb55ea7a5fcd71addaec5d99eb5dae73bd9cd3fb7296cb854d7dce65f5bf903feed28e9f9cddf18b8b07beacaffe5e5f7b4492ca25e91a89503c753398f47a5abe0957508fca14cffc68e5f00fd71513188679b4692df5999d9d0daaf1f4e9d322b179ecd8b143a84f60f1e2c5225194cf30d6a05fc07f3d357b98a0afdd7e69afdfb5028fba3d03ea770fbcbe7bd0b53d37b52b05bed505c3ae95fceccac57f55974549d279d0a092548bad3c75e260130ec5cade070d285ec794bb7dc029b1656598b6003d0dfe414fe288ae6ccb51003c535f271940779243c2d46aa374a4fccc9aaae2e07379332f660fb99c3df072b6efe52ccfb23cd7cafc5ed5792e55bafed5b960fdaa73dcaa4177e6b954e4bb8212adcaeb5fa1eb53097a341f32f72ffbc6e5f21697f339ee97b2075cda3cf87cf698f3dfbf5c79f23f5597d64852a9245d374a7546a95e7476d2bad16ae1091c696158373a52e8748d6198479ad6529fb9b9b92019f7efdf2f12ef0aaca0a890fcfc7c213d058181812203c3dc087a0c6a40f887460ea3f5b5ffabd9eb2b15da4abb3b4abb3b990a9c8c058e37b5c20efa82ce75bb5d6bb6fb54ee1e7df5d8dcca131fd7d7ad23194a0a931a766ae4b11fd488fd4ae698092f3ccaad3fc3b42ae07660e06de87fe87722414906bd598f4702442f5caf4a2bddfdcb8a9d73cf6c1c7f61c36365b9fd2af27b56e5f5adc9e95f95e35195e75996dfef727edfcbf97dcab6b8546c71abc875afca75afd0b997e57b56e47940b846e75ead73afcc8314d7d2fcbe15797d2b75aea856f3fa53b7a8fbb98d03cee64c2addf956e981cfebafeb24e9b2b28e7414a2168511c5517d8a5486611e715aebbe4fa13e0f1c3820c7ef869ba94f20282848e401441e861160df24b4bdd80d64569f753bae160e33ee71920abb497bba4b05cea6c2ae37b5821e125a27694f1753618fdadd4e570afa95eef1af3efd79ddd58d78ab9ca99ed42775e1e00544ec62a5461efe5181b23b326d03b89d119f1ed253073cea3bf048723f3a23422e5d2dcdb8b4ef0fa7b3269567bb556dec723d0714a77ba5cead34bf7f795e3f509f5772bcabb27d2a733d2af25c2bf27a97e7f5a9d4f5afcc73abcc73add4f5abd4b983b8accaeb5fa573add6f5afcaed078ab30aa64220af5f791e2851d7f22dfd60de9a3cf72bd9fd2a37f7bc98e573326f46f9912fea6bb6485215ad8cc168aac74304d608569884281ea7680cc33cd2b447f50958a94f1b4284e3e3e34506c068a43bef99471e730b275c87ae958324acdd757dcf7053a183616f476321684a5099dd6e66524177690f0c3b9b0a9d0d853d0d853d4c453d0c7bba5ddbd9b76aefe4cae37f31197649d235bc7e08cda801db55836404014a09748b1bb7a94ceb039e0dfeadc70bdcb52623defe81ea53ee50ac3599caaf556cbd54f0d979ddd8cbd92ee53ab7b27c97cabcbe35b9fdaa73dd2a749e15b95ea032abf27a57e7f6afc9f1aec9f1bc92eb7a25177b43ab733d406242e62a9d4bb5ceb532af4f457e6f3048a9d6f5bb92e35e930319dccbf3fb966de9539eef022a16442ae8d76a2856d7bf22bf4f695ecf0b9b3c2fe53d77f9c0d7fada9d92544a4f20e17d2b260ad0a1c317de19867940d427606b6b6b67670781e9d3a75fbb764dc9c33000b8027a038e84fa442128d4a7b1d0a97e6fe7fabd5d0c45ceb7307d51577d5197fabd1df545dd8c05bda482ae2650a2051d8c7bbb5edfd3f7ca0e8f2b475ea9ab4e978cd7a0ec7a3cefc15e56d101458fbdd398615a19f0717a96a8ae5eba06273d46931eeffba0131f93a9ecc8962ff626f89d5f37b422d7b72cbf3fc8c4d2fcdee5f9fdcaf3fa97e5f70343d1a9eb53b1a53b884810a3952046f34068f6adcceb0f61d0a6153a6f109435b96ea038418356e5f5a9d2f5ae0143fdea5195eb415da47d41cb56e552d7295e8eef5f9e33b032cf139652aaf328cdf13db779c0996f9ea93abb9c6e9e861583b3352191e1f8c4db54b8ee6698479c07a9ef1304a8e8017de595570c06b9a5670dca28a0f8a49b32e91a9f64b8beb376f770509006109485dd6f6dfac26e757b9debf762c727a84fd1516a2cea6228ec682874361676abdde552b16b62d585c59274191fdc3519e80a3cb6acd0f453df13490086694dc0cfe044476faa3719ebb00f1e1fb3036a2f14271f58ffde6eede88351038ec67b5ede3ca032dfbb0af4659e67699ecfe52dee655b7a56e6f501ad0962b4149568ff72549f90a15f95ce05652548cf3cf7b23c8fb23cf7729d7ba5ce13e42668d0aa3cd0972ee59008fa5227d4275da6cff52dcf03f50965f6c2abf3391e9579eea55b5c2e6de95d0eaa37dbed52eeb8cb85bfbe56950787062a4ebcf88eef26e33a9b619807437d0add29a4a7e0d5575fbd7efdba929361a05906f58797c4c5d3e8a83eb75ddf33c858d00904255e582fe86eba8509195ad083c4685743515703dd276ac4db409df5102e0261ea5c5638b0fae22249ba008b42d7a305a106152386697df0cd9de06e709e053a5432d65e3b7ae660e8f7b1130bb53e4763861e88796c6fd4e0c3895ea59b7cafe87cab72bdcb745ea0352bf27b57e95c2b741e153a2f30bcc513af9bbbd1a5f6be55b910f6acca73a9d4b954e4bb94e7434eafca5cefca5c77ba31b43f484fec2bcd73131da2a062f13a3e9496ef520525e7f6ba8acf2741b63e655bfa966f71afd2f5abc9ed797963afd35b665fbdb8ca643a852f32331af086553e5018e691e781519f30b4549fc0ebafbfced2939121ed078d1a34c774890fdb3743edd66b459efaa28efac25ea682ae46ecc2bca949055da53ddd4c053df042fcde8ec622109d9d4c05dd4cbb7b49853d8c459d4c859d4d055df4855d2a760db97671a1245d06a54bef33a4058bfb3f19a60d30d6e3ab352978ad6a7f61fabbbb2286ec8f1ab13f16ecb17db1c3f7c50ddc1735f84882e7a54dee55795e35f8f010c8cafed89d99e37525dbbb26c7a326d71504228ac8fc5e787f273e6c8417e56b725daa75202e7b57e8dc515fe2734874bd1eeffb047dd9af1aef0a05834477d0af3823ceeb5685ef6cea5f93eb5e95e35999eb5195ef86f78fe6f4afce82d51853baf713a371bf8437ade0291bd250798398463dcdb5f9a30beffd478f76aa3e05e2a5a137a377efde555555725686919b303059051a6ab75f2b1c602c74321482ac04f5791ba33cdd488c76a11467634157ea13854491d2d554e46cdaddf3caaeb1fa8a70492aa76ba0f8382faa50ae3e999600fd88fc184c8ce1df881f3ca06f0881b3a1f4c429d76b0af7a4bc5ea8195ebc7cc4b1154fec8f1db22f6ec8bed861fb62861c887e7cdf8aa187e2bd2f6df4adcaf700055991eb06eab32ad7bd3ad70d84631546c1fad37d9f2e3474adca7305052954294da50c3a48112f04c5003d110f86e91646393183281c8469ffcafcbe5579bd6a72dc6ab2bc2f6e1c76a1e05746fd115871386ac48fa20f23811ad58b579ae1499cf283994707dce9744a5267acd877eef237c515df9d2cfff644c5b727cb21f0bf13e5df9141408445c032dd2ac39d842d13455409281928a5ec7f27cabeb7488415fbe644e9b7c565df959cfbe6687d55adf811ccddd2eed42738a1f043189e3d7b36fc26cc9b37cfc9c969f7eedd622e86110d160d14f5b9f35ac1606361076391b3849a525699cd33c3deae7a28674f7790a4757b7a5c3bf8acd1b80bea4bfc8621369bd088cacb65987b40399b2189490d33444175ea4d7afcea96dc7768bc56b97377ca8ff6448e3c183de250f4d08331c3f7c78c38103302020763861d88790c6c5ff490a309de97360daccaf7c1e78a74ae2010f182bbac2cb1f392b4a3109442538aa91068be89ee4fbc649fdfb73ab7df15d4afae67b27cceecfd95d1b0177f12dea05d6f34d51bc46d0430c083887e2e0ef8507a24a07d4effa2f22cd7eff95bccb6f95fee7d79f1c11f061d7c25e0e00fefbf1d7875f1be1f05ec7b35e0c00f03c1f6bf1ab8ff8701fb5f59f8edcbffde1698525b83cf4033cda03df67d2aea53449b24242404cadfb973a71c6718f2171ac84d5763f529775e36dbf47b3beb0b3b4b053dea0bbbd4efed7c6da77bd5d1ff33ea8f60cb690271502beec263987b035cb84e926ae9730642898140abc36f589220a5c72debae5ddc52b0faf5c288c107a31fdf1b3ba23061e0deb86107a2471e8a1a79287ac4c1d8a10762071f8c050d3afcc08aa147137ccb360faace77abcaef5b01ea53744c36d29a8a2929b28e6c96b955e578996f1875afcc73add6f5adca732dfdc6e564bec7f93def98aeec869f502fe9f153a04280c03144353e4a6b18630a6d0ce6a146be5d09773755da17eb8b3f4f2a9eb3a8fc95d0b2b9a1e573432be72ebbcf36072cb40256665e68e59cb0cab961e5f3c24ae7869c9f1378fc7731a60bdcf1d97cda63dfa7f2164f316c92afbffe1acadfb56b971c67988636ab55d4a7b1c0d958d4a5bea88b712fde276a2aec767d5bbfdacb1174afa9492f5da7171932cc3d022e0c8e44d2538e9281f4348836baf6ea45ddce95730b960f3bbae2f1c331438b620715250cdd1f3be250f46307a3471c8819762076e8fe98816007a287811e3db07ce8d144afd28d782f268acbbcfe74a9dd850428a53498958e6cb64151b008bc7914c3f48453455ebfb22dbd2f667b966d7bcb787dab010e19f85920a8e9003248b5f4d17a3a7c31857e3df3a84095f6a5fa92cf924ecf09048557362fbc7cbeba7c5e78c5fdb3ca79e15573c1d4357334d7666baeced640b862f6b28a97820fbc1658f1cd315865f6d366d35aea332f2f0fd4e1a14387e4784bb360c102569f8c15a2a16e25f589cfbf1776ad2dc227e2a5c2cea6c28ed2ee6ed5fbe61b8d3ba10dd5e31d790cd312083f46c10923faa001ddd6411e66acabde59b4fa955dcbf116cf03d18f1d881e71102fb20f3f143314d42748cffd71035180c680001db43f1a1f813f08aa346a1008d0b2ac819579ee95f4fe7932f12812be311e4da84fbc0154748b36df2af2c0f0e6d12a2c0aa4a727bedd49e75ea3eb5b93d3ebf2468fd2dd3f361af7c30f3282d0c4df85ef30452d0abf1b7e348e6853300f37b29fc329083a8174497ff2d3e4332f0554cc0d2f9fa72905a93757533547b6cab9684a408445d42ac39d842d1345540958a6c36a8055cfd1d4ccd656cd01d354bfb4ecd8bc808b1985b8fa748832cda3c5d4a7919023e6c7d58f1c3922c75b1aa13e0b0a0ae438fa01bac12dba4b99871eaaca00d90f5b5a7d76331674af2fea6528e8820fc817f4341674bbb6dbedfaa52f615116becf30f706f931f5094275568702d400151bbe31b3b6665f51ca8f0b34830fc60cde173f745ffc90fd518f1f8e7ae27034deebb93f167b3df1a64f909b318f1f8cc54bf0fb638780363d18fdf881a8c127d70cacce0701ea5a852f5442f55995dfaf0af46883faa42f6db68cfac440357ea8b31f3d3eef55aec3a7e0afe4f6bd9ae356bad1f752c1c746e371bcfa0a3f0d8d0e5e1cc2af66f9f96840bb1cceae60f763f082fef45f565d7c31f0ca6c75d56c75e55c6de55c75d59cfb69e573d565f3d4152f6bcbe68657cdd756cf093f333bf072dc0eb9916127bd07ee557d42a528049f909ea74f9f9e3163c6c89123070e1c6863633364c8100803a3cc588601311578e28927e490398365181061188a9c6e6e6e4af91f7ef8a1b20ecafa308f20b0e369dfb796fa3415763714f6a087e2bb1b0bfbe8f776d1efb1bf72708ed1508c9527fb1dd332a02781d8a426592f49f5f43e2fc3b59aa25d19ef16440c3f1635f450f4307cbc3d6ed0c1e81187a31e3f143d625fecf0fd203da3874314b566f41307608857e1071d00011a3d02261d8a1d7036736055dec08a5cfa687b3e3ee74e7a5111a02da53e5dc1e8054c2040fbe113f73a8fb23c8f7294a46ed539ee5773fb5fde38f842e16ff5f54724a90e2a6d714b2b56dee68bf1625b300f33b893517dd28996245dd49ffa64e5c51702afcd56d7cc16dd90e19573f16ecbfb6373c2ae80fc9d1b5efa72f8e5972165d9e91716947cb652aa0057857507bdc1a749cda765d4a7909e478e1c193d7ab4ca8c784967eb61f9facff7df7fbfae0eab3040ac18f3c841f28f767faba84ff1262653a1b3a9a0bbbea87b1d7ebdb383a9c8b972e76357cac225a9926b21a64500f7a54f6762772018f67b42b8aeec60d6efb66a071c8c1d76380aa4e488032037637048f77a0e3f103b1424e6a1e8c7cdea930c9f821fba3f66f0819821a041f745fb1e88f5bdb86178b56e40157eb5a85f15be349e5eaed492eab35f457edfcafc3ed53a577c45283de4445f51f2042bcd772bdbd2bb3abf1708d363997ea5a793405e83d8845f4bbf591cc37c2c3d1aa087c37e37f77d5ed2977cbaf2ececc0aa79eab2b99ab2799a8a79a0f942efa3d5cc0ebff212ae43f9bca5e75e5ab4efd76195472fc86b0e6b8da7494c3369812befa2c71102ab57af165a1074a1a53414400ae8510591686f6f3f74e8d0214386f4ecd953a428335219888802fdfbf7879c7dfbf61551cb499d3a75aaacac847560f5f9e8427b9e06ada23e0df40124a9a08bb1a8b37e6f27237e38beabb1a0c7d53dae55c53f34198e728bc9b408f5a24d83aa8c7a840ce857c64b87a30b564c3824dfca390c2dfa89fdd1a3f7c73cbe3f76d8a198a120490f47e15347fb63498ca24100dfbbb43f7af8c1d8a1fba2071c8c1bbc3f7ad8d1a4415539432bf1b174d49a78091e24a3a23ea9abd2424adebdc1ec797df19a3bbd3ab40acb74c7eecf7c177cf028bf7f697edfd22d7dcf6ef2beb0e7ff0c7567487442435e4737b7e29fe806a58dc13cf4c0ee6eb8eff304a8cf9702abe78657ce0eaf9c135e3527bcfabe5a15ae4958d59c65175f0a28fa30bcea10494f383b341ae95e7ff6d2e6d332f77d0acd979e9e2e8b41e2a5975efa2dd1bb776fa1144174929e9455e3ecd9b31313134509dbb76f879c3e3e3e90ae641074efdefde38f3ffee4934f8e1f3f0e0b3a74e8d09ffef4277f7f7f98a494e6e2e2c2eaf35187f63c0d5a497d7633147637157435eced6c28ea84dfeddc8d5fe6ac2d72aed83bda50b79b2b22a64500cd89ad1a78b1dcb8192e9d5cbf2d7ed6de157861fd007ecd68f0fe98a1a03eb18f13afad0f3918831da274f7e7f0fdb1a03bf1a9231a0a010ad930f160ecb0fd204f637c4fa77a56e50ea8caf340e9890f2199bb3f5b447dd2abe96b72dc407a56e4b95460c7a71bbec75ed7175f598fb781ba9cdde479b1e803a3111f0c00e96132d54a522d34e98d7e37f34880ea53aeb42fea4b3ec3a78e6ae684d7cc0e8721ea3f45089ac32260996e95e14ec2968922aa042cc3a5f3d515f3d5e573971c7d7b59cdee73b8bae8afe8a2788644274bb8e6ccddd302ea13049fb8f29e99992914a1186edebc596418397224a4289380418306e5e4e4180c7899c592fdfbf77b7a7a8a3ca82b6d6c4074161515c9932dd06ab54a1e08f4eddb97bf7bf4a84395000da8226b69f56924f5091a54bc6e49dad353dad51302757b3b56170ea9afc994b00565987b045c182a463068e5286e3ab977c35bdb570cd91b37f460ec6387a340470ed98faf947fec50cce0c3d1830ec6e07345168a13c2f8be4fbcdd13534688abf007631f07e9890234c6f748bc5be9a641553a2f909e55f97d2af1bbeda0385be6a9a32a9d5b4d8e4775ae5b19f671ba94e16b9e3caee4f4bf9ae37225d7b53cc7e3fcc61197f7fcd2a83f043f108f556ccee9279b0f61f1c3994703e10554695faa2ffe2ce9d49cc0aab9e1d5b351ffd17d9fad6ea0321ba7846197e79c707cf41ed4e7dcb0e297165e48d82a7ae451f0a0ec34af38d35c5ab2ef53a84f85356bd688a923468c9093cc2425258949252525a1a1a1e1e1e1d1d1d122a5a0a060c0800122dbdb6fbf2d1281d5ab5743b6b0b03018c282962c5922f208407d565757cb599947136ab26860a53e9d403b4a77f0a5cd3b3350b15d64f559d0c358d4555fd4f1ca2ef7ca237f94a45362b90c734fa01283568e2e479aae9eda15ba7bf9c87d7183f7260c3a183bf4f88ae187a385c4c47b3d0fca8af306c3e7df4598729a4d7e057dd4a0936b0656e50da01b347b54e87a09f5497d937dabe43731ddc2e8627a23c3c798f049260cb857eb3ccbf3fa5dfeb6d7a5effa96e5bb5fc9f1adcdf2bc92ddf3424eaf13dfcd2a3bae31994e376ebae1c0a56397794411ea537fe2d3e4b3b3032ae7855760d7a378eaa815ad7caeba72aea606963537b4621ebe521e026078a327a8d2793029f4f4f35f177f916aa8ae977dd4285428fbecbd721fd4e7dcb973453fe5d1a3471f7bec313955a5fadbdffe26f27ff2c927b6b6b6767676fbf6ed83687d7dfdd2a54be54c848d8dcde0c18345afa7d2f7c9eaf351872a021a58a94fd1f779af5fda247336157636e2cb3ebb81f4c4c78f0aba18f776babaab5fd5e1f725a9b5de2fc63c5280ea8486ae1e7dd970adfa7f3b1267ef5bf1f881d8217be387ec8f1b7e24fab1c3318f1d886dbe1d8a7902bf8714e37571836fd516af0af191f75ce5b1777c4fa785d06cd22cd5272a4e30213d2b72b1df54fed47b5ebf2a5daf9a5cd79acd2e959bfa9ecf79ac7cff9faf5ff95e926ae49fca30b288a34afbb2fee4272bcfbd1408ea13c55febabcfd2f9786d1d2fb2d343eef86ef939611573c34ae78012c5a7dd4fbdb0b0f88b94fa0abcae857d9eb09a74ad1daf4d28ebce348bfba03efff4a73f89f4175f7c514e2266cf9e2dd22b2a2a9c9d9ddf7cf34d7141bfa8a848ce7103e2465208b0fa64442d408326d5e7bd5f79076bac3ef1423ca8cfce5777ba541efe39ab4fa6453098c4675ba181bb72e4bbbfec881c7e28fa8943d86d39f460ecb083b178732744efc1461c8e1e7a28daebe46ad0883e2816756ed5b96855f89c90eb9d19284b6118adcc7501c300bee0d3f54a76df9aac5e55d97dcab2bccf6f18755ef7f4e5c2f72bce444aa6f3f0038dd8adcb3002f005a8b1a9d26e73f55941563e0f96856ff7ac98ab2e9f1306bab3ec6575f9bcd0d2e7034f7fbad270191f02c4c7f2f13923f99a3b1c9cf562ddd9959b4b5bab4f108bfffce73f45fa534f3d2512c523f06e6e6e5bb66c81f4dada5a2727a7a54b9742184a06192ab2bdfaeaab50e6ca952b5711502c94c6ea9391a15352aa0a5a4f7d7605f5692802f5d9552ae86edcd30dd56751c7ebbbfb541f7d4f925aebcb5ecc2305beff10ab54fda553df7cbbfc859deae1bb35a3776bc6eed18cdaad7d6c47e4e33b231edfadbd27dba31db15b3b68cf728f5319c32e6e1e7169d3e04b9b075edaec8bb6c9f7e226df0b9b07dcce204fa36ce737fb5ecc1a7861d3c00b9b0797e9c6957ffbe499bc49178a3eacbe1075ad225f924ae9c7e94dc63ac9c08f15310ae00af74d7d5e7929fccaecf0b279e13573346065f3b5a5f3352046cbe72dbb3c3ba8e447c1b5bbcfe28a19e98a84f8122c3533e6b686693e6dad3ebb75ebb67dfb7691feecb3cf420ac847509f428086858541fad5ab57417d06040440184a767171a159550b162ca0f96414f10ab0fa6400738dd0aaeab38ba1088a72c61b490bba42d850d4e1fa9e3e5587df944c7bc57219e69e00ffc52b7c574f1e4c2bd8f8f723bacf0ee47dbe3fef5f0775ff380ce1fcbf1e04cbfbec1eecaf87f23e3d98f7e7fdbadf1dfbdf1fcf17fdf5c2de3f9edffbbbf37b7f0bc30b45bfbf5004d13fddce208fb03f9d2bc2948bfbff72aee88fe70aff5871ec4b7d7596417f445f5762325c92a46b78ff94a9ae4eaad3a3fa34d2d3c2f26f651e79c015ee9bfaac9c1b56312fb4625e78f51ccd9597b455b3b5975f5697cf0fab7e29b878f6d767d7ec8495c28e7a7a22ae16d527adade2bd4a80b97bda5a7d3a38380406068af4a953a7428a509f10183e7cf8b163f8d97ea043870ea2ef1310d9804f3ef9e4ca952bb5b5b56271d3a74f8744eefb6414c02da836684df559e06c284233153a43b14650a2451d6b77f7aa3ef8aa64dc2596cb30f784fc069aebd01a4b52397ec800871564651689cd3628471408e15249ba2049a725e9842495d093736724e99c249dbfa54186b3641010999500d8c586b770c301494f088319b1cf935a6ef90065184038c4fd519f97e7875e7a051f30aa98afad9cabad9eadad9ca32e9fbdf4f02b8bce247f8f2b251a15b9b313fec89b9996a02dd4e7d0a143e524e237bff98d48fffdef7f2f5284827cf1c51745fabe7dfb1c1d1dfff0873f88fb3e376cd820b275e9d2c5d5d5f5dffffeb7c8c6ea93b14254144ae3d63aeab39ba1080cd42714d8999e7fef54bbbb67cda15724239e2833cc3d023e4cad318ceb856aa31403dd6c0653e4ab7f02085886055689370d93283443cb6c29a0491085e3facb6a1a4da4e20486118033987dafadd5a7faf2bcd0d297c36071957335e5f3b4b0c4ea39a125b303ce467d87ce0b26bc97c2e4cc7434ca71f2688a31cda02dd4e7e8d1a31d1c1c405002f6f6f68afa2c2d2deddcb9b3c8dca14387b4b43491feeebbef424ad7ae5d8b8b8b217af9f2e5175e7841a84ce0d7bffeb5c8c6ea9369045503e63a01691df5d9dd508417dcc5e3479852d8a56e57cf2b87e64bc61d62b90c732f50ef0afe35326afa68220dad27dfb1615d4db3374e6e518365e80d92412f6e61c575c66b97b4d87afcaabbd233ca30e81cc2a5ef43df67f53c759578b3fd4be13573359573c2cebeb8f8f85f93a552582b38e1337f02940e9706204247127833ad37d31c5a5d7dc2a43367ce9410274e9cc8cdcd7576765ebe7cb998f4cd37dfcc9e3ddbdfdf3f2525050ba2d73081941425bcf1c61b22b1aeae4ea7d381dc849ce1e1e12271c68c199087d5272343d5030de40aa1a5d5a7333ef3de487d4299dda4c2aef5bb7a5d39345732ca373433cc3d008aad1e5f29d8d0dc414347dfdc14ee0dff6d60b22068d2a8e1bd75369c64a03747d17a03308229f8cf777d329608cf40e7b80fea73b6faca1c6dcdec307ae567d8f997020eff646975c1395c2dfc8c0ebe7717fc15ce96149755fc1902eccaf7422baacff5ebd78ba996949595c1243b3bbb952b57ca49166cdbb64dbc8649d194bffbddef2e5ca02fabde00ab4fa611540dd0802ab256519f5d487d7633ab4f67634177529fbdaf1c9a2319b789e532cc3d21ee2da3ae4e68dea88583e6af0e275047a265830761256a19b8b3302e81862d02ae3435ca7408e26a5a968c0ba485328c25c24fc855ee87faac7e495d35575d312ffcec9ca0fdef2cabde8e0fb9c3dae8417a82f2a4772c297e2cd6150e494c111176e8e6d28aeaf3abafbeda7a03ab56ad12cf18393838bcf5d65b90028a53b064c992eeddbbc324109442530a3c3d3d3ffffc73cb9ca06bfdfcfc3a75ea24e760f5c900540bd040ae2b5a537d8afb3e2145f47d82fae4be4fe69e805a5454a46d0f1c30d7f0915eb4fadb19a860910d14b18836be8e8ebf41ee13827f73f34cc21423228d6164d03de0ac8abcc4ac3eabe53771e2572ec12ac9205035074c08471186f40629798706421386e2339e557335157334552fab2fcc0e3ef0b3d08a5da771358c787b27bef5cc040294564df661d9c439a11ca2494c336849f5999a9a0a4250684721315b1bb12c0874ebd68dbff3fea843b5000dacd4674b7d69d3ac3e0bf1e23b3ef34eea1302b5bb7b5d39348fd527d33ca0fe3412a222ddbd6bd757fffd6ae1d70b162e58b870010e172d045bb0480e2c5cbce09e0c8af97ae1e280afbf5ab8f0abaf17c268f1e29c6dffdc7eec6f5b8f7cb6f5d03fb71dfee7f787fef1fd915bd8e7db0eff7debe17f7d0f398ffc7debb1bf7f7b206adfc9d346532d1d7a4295a2dca490d282e3f578fad3d34b6c1806dd825c41f6878b86939fac3aff52600d7d63bd6c5e78d9fc6515f39655cec52158f59c65357342abe94b98d5106810a33733fc906639484c0c884fb78796cdc72f6ad6ccc60ca5f3c2cbe76b2a662f2d7e35b87a4b09ac027a305e62c035622f6d555a527d6eddbad5d1d151e8c236e6b1c71eaba9a981d5106bc23c8ad09ea78195fa6ce9be4f569f4c8b02bad360208d46fce4ed9fc02975d72ecedd9cbbc2d06c0de11ef766ddbb74ebd1a57bcf2e1dbb3b77eed6a5ab43e7dedd67ffc67dd9960eeaed1dc277760cdbdd21746787b06d37b38e685b21e014b6db316c77c7d01d1d42ffd72b72e7e8b4c3cf24ef883e7af6542d7e96105a0523de3867d01b4056c381494f0bc3a189bf533e421986ea6c61e23befd4f7099ad22c2b210c62143f8649430857822a9da7062b9f479af296563507b26140140261d0b510a557caa3c0ad9c1776feb90517b4f9746f8bf84337952faf33ad460ba84f927c72bdb96ad52a4580b676f7a7e8f504860f1f7ee4087ee450ac0920568679b4a0dd4e03569fcc0386a8b5c4f08dd7dfe8d5bd87b787a7af97b718fa7afb58dac07bb3c19e3e433c20e03ec8cb6b88876fbffe439cfddff689de6d9f5cec107fc221feac5dc229dbc4623b6109644a38b1d83ea1d831bed821ee846dc259db84330ef1271d124eaae24ea8e24a6c96efefb5e4db9753767d5b7a1d9a72909b780dd384ef8a02930f4bf88df02be940651e71e812b781941e3944a9bef8b39567660756814624b909dab17ab6a67a8ea68aac028cfa32cbe761004c51994d5af59c3030597dcec6cf1a55d01da5e2eb9a30ac9e1b76ea850587ff125f577a95560856037b3ec175f57c5dbd9569b1be4f387d17e13d7bf66cddba75e9d2a5a00e93939321dcb27cfffdf7dbb66dfbe0830f407746454541ca993367c4a201969e8f2e0d8d1aab4fe641026a2d0184b3b2b206faf87ab9b90ff4f21ed03a06250ff2f41ae8058bf01ceaeee3de6f50f7996f0c8adaea9878a453fcb18e09c71de28f3ac61fbb8539c51d17d621aea463ec49a7d8930ef125f609871d120e3bc51e7708df3f2a7667c4c13335d02ce0cf8376bc96de572aa0039561f0260df0103d7908f6374a65a83e4fcf0e048d5846ea902eacab152ba7fece8ab9ea6a50a5f465764bad79a3a1fa9c1b2afa38aba8fb1312f1823e157e7576f8f9e7161dfd4b5ced856bb070549de89ad8530f2330eefe6c555aacef532027d155785087a74e9d92e32d4d606020947fe890fc656db168182a22987904115506ab4fe6414454625aadb66be72e96d273a0b78f126e21f3f2f5f2f4f1f2f0f1f61ae4e1e3d6dfb7d7e4d983c273ec938e38241cb14b3cea9078bc63dcadcc2ee9986df21150ab1d40896277e949bb84638e49071c13f739c51fed107bb2c38a032e4bbf0b2e3a07b2020486d154a797eaf1f7c1a1c9e2933143cff6d037b0a8ff532ad597fc75e5f9970241299a6fd6148f1c855681cdc1db3dc9c244b862de6d9f3ac279cbe995f265f3c5d57c0da858a16ecb9f0f3af57f31b5a76b684da8a753f151801db59569e12bef0ab9b9b9a00e0f1c3820c75b9aafbefa0acadfb58bbf6dc834005e488ec8ea9379f010b5e88a152bba3b3b8346f4f5f46a2c195bd07cbcbd7d3c7cbdbdbc61111ebe1e9e7d3c1eeff35188f3ea538e71250e71a71ce34f3ac51fbf853982d64c3c8ac3f812c7f8138e71a79c624f3ac59d7048386e9378c426f9987dfc2987e853decb8b524e95e24f3382bea04f6493d141ca30664fa0110e2ee94f7fbafaf2f301d75e52d7e06787507d56cc59868a737e1888c8327cfc281452408cd69024bd416e5a5958e5bc6565f3517d96ce5757ccd5d4c817f443cbe62c3df2a3a06bdf9d148b86d3246a36400f2bab6511605a8196b9f27e23ac3e99b607ea0aaa2e587d320f129627f0090909dd9dbbdea0175bd67c0678f97afaa0faf4f5721fecd5cfb3979beb4ffed57dcd2947bcec7e82acf8e676dc31fe18f57aa21205c5699f50ec147fa243ec69a7d8537609276d928a1d12a084d32aedbea7d30b4f5cabc3df88ff203cf1d8e4369d699a4b86539facbaf462e095d96155b343e95d4bf4bc11bd26091f339a8f3d97d8794997ddab66e3a4c672b39155cd0dab9e8beab36c5e18f5a492fa9c0de12547672f2889fe0654a7b8b9930cfee8dc487150f6d4d684d527f3b04035050d587d320f128afaaca8a878edf5d7fbf575b9412fb6a40df4f41ee2ee3dd8c37b00285010a0defddd5d5cfabffb8f1eab4fd9271eb24b3a649f78d4210114e4cd0c142ac8cd920e712843ed138fd8261d8159e81ed0531d62cf38c69fec187fb843dc41a7c412fbb03d214517f0a22afe3ef17a50b3d06618127b42ff21970c27be483df1e6d24b6f475c785b7bee2df5a597418686d7cc56e3b578bcd7537be5254dd55c6de95c4de91c2d04ace4e60d168697ecf1f54c617893e81c4df99cf0eab9a1a7e6059cd2e8b0c3935a0b79e9148201ac8fdc8430ad09ab4fe66181aa101ab0fa641e1884f404205c5252e2e1e1e1ede169a5175bd6067a7a0ef1701feee639c86380b7d7401f6fafbefd5cfbbefb65efe48b1de28e39251c7148b8cd53478e71271ce34e3bc49fb24bc0abed8e09479de28f75882b768a03495adc21e150c7c4bd30b48368d4a1a762fe7746be1d9f3efc2e5ebb4471e651076ffc44b720152ad55fbabafae3afc39ef955dcf3bf8b7efee34d6f7e71ea5791977fac2d7f5d5bfa96b6f44d6df5ab1157e7aa2b5fd65cf8a1e6f22bda72ecceb4929b8dac7c1e5eafbf22f42b3d2f5ff672f8b997024e7d9a8cdf5710c092c5e2290cce69be0acfb42eac3e998705aa3f68c0ea93796050a42770e2c4095f5f5f2f770f2bbdd8b2e6ebe5e5e3ed39c0d3c7d77300d8402ff77efd7af57eefdfdd575d46058917d68f77c0e7d96f6a1d41625236c778509cc53417a8d2a3285b1340bf1eb54b3cea1857d231eeb46dec01cff81debcaf1e2bb117f2bfe60f13e45f19399471a529ff538c0fef1cb672fbcf5ecdc891ec3670d183bc37bd48fc63dfdc767dffa64f2ab9f3ef9ea1fa7fee8b7135f513ff7d1d67702b6bfb968d79b0127de587af5f5c8eb3f5c5e3d179465d397e0cbe68797ce0fc34973f0a64fc859fa62c8deb743aa77d3f3d042f40ae949010a89b112a724a615685df5295ec3d91a2c5cb890d5677be4866605636d7908d3f2a84e93f4b53bae160ea92fea5c5fd41d64a2594136db50831a0a9deb8bbae98ba0b46e86c2aefabdce86a28ef5a83e5f968c3bc42adc3bb4b5e05798ef928333727c3494016033e0ce056078c336c1a9e690d880b4f9da3796ea73c08001adad3e7dbcbc417e7a790f44e9e9e93dc8d3bd7fff5e2e3ffda44ff229d09174eb270aca5b19def47984ec18a84fa7b812c7f8630e0947ec138f38e0a34827ec124e39c49eee1477da3ef1a82a62d71fbec19793c08ec1461d7eac9176cb8382c5aa5a3b13c5cd4ea84c810068299453cc6d0047a08fa98bad78e1e2851ffef0d5c71e7bdc6ffc8427c73f3966f4d8c7478e1af5d813631e1ff5f8a851239e183d65e48497474d7f7dd8b4b77ca72cf4ff49fa2b9fae79ee8f87df5d76ee3deda5b73435f3c3aee0bd9e6ad09ad5744b68d9fcd0cbf396e1dbe9f139774de94bc1875e0b2acd3f8c8bc61e4efa8c3bed2a3c04c94169a570bde471c36e655a9896579fa22615ea73f7eedd575a877ffdeb5f50feb66ddbc44299fb8e7c8cd22d33e2c045e894d6f2c06e0248bfd9a4bb019b35b92868dca05e910cd7b75f2b1c545fd4a90ed4270ad02ec6c2cecd36137dabb36e5f87babd5df4a865417d76abdbd7c9b8cf51bfb3fbd583a03e778a359181b5a163c13a7c2bb032869f409b101f13d6439436a9c164d4637d7927853cd4d0abcb855381a19b299b0403b0e5e8a9553984910679d0ee691bf529fa3e7d3d070ef2f019e4e135d0d3b79f7bbf1ef37ede7f7961e7f81287c4127becc8145d9bcd3490a4f609257609273ac696a834873ed8720c7e1dee1f541aca8b3fdb37b0968d4d090a3040c76b3d8ec1c7e8a8a56c246de86ba3ccdd70e9d2a51ffef0878f3df6d878bff1e3c68d1b3f7e3cfe1318f0f383b47163c68e1f33d66ff4d8f123478f797ce4f8c7467d34eb957f4cfd51e8e4770efd28e0e4ab4b2efe7879d96bcbafbe147e654e68c5fca595f8a1cef0cab9da8b73961e7d2ba4349f7ac46077e13d20f5e235b4d85888bd457b1026ca552defc0d6a4b5fa3e753a1da8c3eeddbbf7691d3a76ecd8b367cfc387e92486b9ff089584a792108443178f5e8b2319db7f8a36c1cdd2ef127331b01a50ef63c47475bba16884696f47695f37a9a887b4b797b4af77f36d6f5fa9a8af697f77693f85f7c2d0c5b8b787b4dfd954d0b7f6d82b92d4587dde03b8b970fbe196142142ae121f65c0bde49753c39680cd841ba961abe058a48bf60433c8d3298b79dc5e693bf5e9e535c0d317a4a7509ffd3dfa3bfde0cd3ee1db9d134e3a248070b4569377654e7869fe9863c2318784e39d624fa8220efcf2dbe3f8f370f3e33fed9607025853d9a026a3caccec4fa437d1fb507d8243e2499198047e27d778cc5dd2a03e416e92fabc11481d07dad46ffc58b2717e13473f31c66fd8c86943c7ce1935e3e7635e8c79e3ef1be6fea3ec4d4df56b9af2579655e11b9a34575ed216cf093abf7ab7bc24da9d7526933845108688bddd10675a91d6eafbcccfcf7770700001da4ad8d8d80c1d3a94df2ddf6e809d6e30a0e1ee1787b04887da18e5a8b8bad2ea87342c00ea13f9cd82fa2b074ab7ce29db31a17cfba4aaad53cbb74f2fdb3eb3d956b10dad74c7b4b2edd3cbb7cd28df36ad622ba4cf28dd31e5e2f7334e1efcb8dc70acc460286e6cc70d861283b1d878a776d2683c4101181e371a4bc82070de60b8ae5ca07d84412722c31d8c3d9b2047a1e187a684b60d4dc21320cc44ee4023912c0cb3b557da587d0ef4c4e7df0778fab879f67778f68d5eea5d5d124edac71f77482cb6129477654ef1f8467a7c8029fea853fc11d5f2fdbffeae187f9e7927c9e3f68d701f5a55109360f5a033a152810aadc1c12084350ed46e74e24d6e88b59f9899b94b407dbefaeaab427dde097ee39f9c306ed258bf4963263c39c6cf6fc4b831e3478f9f326cececc193fe3ae54df5531fec792bb0ec47ea6b2f479e7d26e0f867abf415b5b014a830b039a297dcc36ec41d26f6979531ad4c6ba9cfebd7af9798812ab50511651617179f3e7dda60003f6237691fd01528fab8b3e5910b31d082f574874d2b373a50382d411870fac4be17fcba3de3d7e5074f767b617cd7e7fdba3e770ff6fc781c3ef3a4f30f264051cecffb7581029f99d0fdd927bb4d1bebfceceb4fbc16b970ac7ad9584de838cd326163d44b264569e7ac4b9bb721e3e54d6b61782bdb0896fac3f5e93f5c9f09e19737a4beb23ee5e50d38efbc8de93f5e93b4f332beb8fb51071cca003b18da0ebddce49320108d3efc41856090f430d5ac3565d1a9985c4ebb04eab7b6539ff8f0bb97509ffdddfb7578f1dd9e1145ce89a7e8854ad682f26ecdfc64d21187c4fdaac8fd1f7e5302bf4ede757874b6ebbd20a3d42338821587ea4d519fe048d4c9493da0e485900003e163e4653095b94bee5e7d4ef01b3b71fcb889e3fc268c193f76ec93e3c7fa617f28fc3df1c4e8a923fc7e3c74967afaaf735ff9eff1af33a453f42577d8474603ed2b3aa7103507b64de498b4b32101d330c6b422ada23edb4c11e227dc587db613b002c683560622c2a856a6b188b60e5032d51930a646019774acf8984fff5eae7d7abbf5efefd5afafa76baf7b310fd7deeefda0a81e1efd7a7af6ebeed9dfd9bd5f2fb7fe2eee6ebdbbb938bbcc983a2c3458b564a16ae922d9962d52852cb053077bad4f215b736bf35cbfc663c34aef756b7cd6a67a6e809455beeb93bdd7adf4dcb8c67d7df2a895311b2f5d14bff55146f62093a94eaaafa37bb6a8f5c7dd4eca000218362722228922a25969bfb48dfa540cd4e700529faefd5d7bbefedbbe71473ac5973826143bdcf37d9ff658c849a7f862c7a4fd2acdbe0f73f0ca3b1c95f46e1ddc7d627fb46b84b334aca7102866172383e90d2213a718eaa57a303a0d9293993be7f2e5cb3ffad18fee5c7d82ccf4030d6a1e4cf07b122fcbfb8d1d3b76b4df04bf71903a7afcc8a1a3273f3def5f6969db2b4ac53ec18fbea2f004ed80bb0912e974429c9ae290fa4b2cf62cd33ab4d67d9f2d08fa881939a9851025cb11e61ea05a99ba008c06303cb9a4670bc4010d213c92e5764786e66b39a80a1155895274c98913837d06b9bb0df2f21aeaeb39101ff4bd17bc06e08709bd7d7cb0e5f6f2f5f2f0f5f2f5f61a0cc1de9eeefd9e7f7678e452953a48a509964d0bc320fb15a1ded9196859b7b3ec74cfdc349fac8c019bd77ae12c69be5969bed9695e39991e3929e3d6c4e75cba2cffb04718f22174299349afa767cbccbe046368540cf4b0167a224cc2dbefc0258417926728bed1aec0e3817e05aacf8103bc3c5a5b7dfa90813783f980fa74e9d7cff59dbfbaae3ad1218eaeb9dfdb7d9f30bb6d62896dfc09c7f8538e7147bb45142c102fb8c13e69ec72c2aaa07dee890660fdf06abb5cad0030367b1138941e1d0bbbd88d58e9510507d51c547c92be1e0def41a27298bba0b4b4f4d5575f1d3162c4cd6efab4621c08cd27478ff31b0392d36ffc44bf714f42d284f1e3278e1f3b7e0c08d0f1e3c68c19fbf4d343befcab63e0bf5c43037e93bf697be9255a14ee2cf1ee05a82d6ad18c7aa3de64c0ba03a6c1fe2447a5bc4cebf000a84f40484f5141b720ad54ec23883894e992141eb30836f926d0077546bc424adf33831cb8a9e1e86e956d0e2b21376b3490a493278a07fb787bbab9f97a790ef4f41ce0096ad1dbd7930c027712b6080cf0f41de009d2c0dbfcac06d8004819e8e9ebe2eee1f6dc53c322406e06a8b4810da60970885a0a3af2ce2cd53337050220403d73d23d73527db2537c732031cd2377f5f83531b99744bdf948834d3d340d38921b0af0b85283a91a2711d8070a92004f83c0fd20374ea01320d1dcb437f06020205c525282e739adaf3ec169e1a080932708fb82fa74757579ef6f3d579eec104f6f5cba47f589b77e828a2db6893b691b75e28998ed87b1350760778983b3fded066b607fd41bd150315302ad3eea152152f426522c94197f107817e6831d09de87bd6acc5d03ea53f47ddeb9fa1cf5e4a83113468ff1f31b0b9a73fcc471e39f8474909df87cfcb8f13ee3c70df9bf5ff68c0c50ad0852852eb65ff08f11e18bfefa6deebedaebb83cd84978868a836bd848410501d506ec48b90591874cebf060f47d0a209c9393f3c4134f3c7e6f40099f7efaa9c16000e929caa7e530f7046e458304c7f4aef3e70f5fb94207371edd50571b4dd74d521d1cd32800686bb7da3687627199a2d63871a278908f97977bbf019e1e2416b1d1bd071b30d063101432d80304a8cf008c82f41c30c8c3b79f9b97db73cf0e8b08516903541181b209f519bdd43b270dcc8b4c08cd26c330f4c84df1846876a6674e86476e1a08509a31dd3d67d59894981c569fd45250df26f81ab61290522f49bf4b5cfdebcc0d2967ce1ebd7a15a200ed7f6a4bb09b148cfc135c43a8a076061c0ea22e3a77ee1c34bd1efddd6ed08b2d6a7020780cc0ce7b6f4f1f529fae2eaebddffb47f735673a24143be1b78beeeda9a3b8e39d628e758c3b6e9f78ca3ee2d08f567d570e2d3bfe4cdcfc0f88fac4f5040783f50683d5a63e4ebcb023d248b160fa49bde1bb73e72bf570e64dbf0afe61ca03f0fbda2377ab3ec78f1f3b6ec2a8f17e63c6faf98df113d273c2e8f163474174fc449f0913fafee475e790af6db4813691c1769a258e61a04117a916fc73fcf288c83dbb4423257630ee54380a8573627d815368c0b4160fcc9577111e3972a4fcd0fb3d13151525ca645a063a52cf49d20fd4616323c33ffef6dbd463272f591cbe5473d32553acd8a9470aa60a6b09e4622c0a2c3971c267808f87bb878fe7201fcfc1a420f121dfe69aaf8fd7007c51a297878fb79797f7406f6f68c23d07797ab9b87bb9bef0836111cb54ea6095163428992604a20e51613ed99960de643e5968370967f864a57a67a5fb6c5e0fe69d95e9950d299903b2d6fa64e195f76cbef28efb564fd7cacc3149ba2a49d39747abbe5ed079e1e269f1497fddb225bda4a484dea522d09b0c10ae07c783eca823e4f4f603ae1a0115dd175f7cd1bb474f6bbdd8b226ab4f7770661f2f5f5f6f1f57d77e3d7ff6f7eea9e7483e82f42cb15493776b4ef1c73bc51deb187bcc31ea8067f48e6fcbaed0afc4961d7604aa3671ecb77360254170a2cbc06933884b03d559f2942a49ca3f7bf19fdf6c7d6a4dcac085ff29aa8204f85172573be56bffbfb0dda1a84f595bde0ebf71e3268d1d3371ecb8f1e3268cf59be007da732c3e7b3472c293c3464feafbe31ff55af65f7bed5215f60b2cb6d12cb65507da842fb555ab55810b7db4418bf76d3f5859262f1b35a738d9c02bef90d05e6b8b878707a6ef53847d7c7c5e7ef9e5adf7c6902143407d0e1d3ab4baba5a942f0a679a0d5d913240257d1ea44054b46a219c5f867886ac782a66d5dfbedbb6fedc85925afcd41ee5a41d0ad9e9d23cc5c9ee0d28004b54442d515c5cece1e9e2edd17780a7978fe7405f6868f181df661add2a0743f7815e6ebe5ea83ea1e51ee8e931d4c3a39f9b77ffe77e3004d4a726086ff7544c13e41025dff7095292eee66c3a4cd174dfac54df2c18aef3ddbcce2b3bd32327c3277beda0cdeb0664a58e5d13bff932ab4fd8bd7a9404741e838dbd24954bd2b4c41455c8727b6d8263488423385e78d4c4a8c43fe6ff6fc3854b27aed72aed07683bbd516e5ada15784498cfb1e362e37a74edd6482cb6b891fa044ff6f112ead3bb9f6bff5e3fff57e7d5a7513b2680f4bc27f509e6147fcc26ee9843e877fff8fe488ddc84c366c797b261b8dded016b687f88f5c4d5a6fb00910b46637669d982c2fd2f26ad1ea88eeef855b86a5178dfe0a5855750619ba43abc1b04033000a5ddee7f673be3eed5e7f827c74e00cd3966c284717ee3278e1b3dde6fd4980963868f1d37ea476f0e5ab2d04ebbd0561b601311ac8a849a39d02622c8561ba40a0f728c5c3221277dd6c6c4773627e75e3a0b2e8ad0ad3cb0a7e5ddceeab395b923f54975e3fd3c9094a5bbbbbb7ffcf1c722dc6cc06b45f7e7b469d32eb7cb161d3c1e0e04b987e77e6ef83b055a7403de08653c0352203ac12e7885bd76955d58acc3d2c86e419abe0b439e4b5afde5d61debcf5c38273a3f0426eac7c280c5afb4f23488c1e6a03ac0b222689883c6948bbc1442e629972e5e9c3471ac47ff5ea011f1feb61b04e55d19dd2de73dd0d373b0a7db002f0f6faf01be5e0306797a0e41f5e909ea7328aacf4015d46e8a69021da2967965a7df8981faf4c94a03f3cdcaf0dd9c09299e39e93e3919d4f79946eab345aebcd3d6814dd9680b9a13db3de2ac05bd061f7047bd562549fef1e9aa9058bb88643b4db27dc42adbb0449be0151d03356e01e12f24a5fdebbbad5967ce5e20c7937fa7594cc0ec20621584fbd0b6b102126e486b392c6bd7c8c8c86e5d9c0782b3e1f340de03512c36d68e2d60e0c9702ae5012751704ae6e6e9ddeff14903bf4c764a2a718a2f71883f0166a5266f34a784e378991e9f8e3f066187384a8fc38e4fa784e20e71273b2dddfed19643659209ce3bebe5ed47f7e48adfd906c0126161e6dd69bddc864d0ec08ea76e2f349c01b527a6e04c90b14292be2bad58bca7e8e5d4f59e81e15d03d51d96ae5085463b6892ecc312dd425614d5e0db7cf4f8bc9128176634bb5b7b0756124fe66edc426dbffe77ad3ec1406cfa4d1c0312d46fccc4f163c6f98d1e357eecc0e93347fce78baee1501b2fb6d12cb28d08b6d106d94484a822a04e5ea80a5fe0b3267a7afe5affdc35d337c5cfde90b078efb60bf575f873d153c90360044ea1549234923710846fdc54ccdd73a7ea13cecbb16db75206cd4294038832e5d45ba264f3f0f0f8f5af7f2dc2cd66ecd8b1427d02fefefe9595959028d64720b2b525f8f3e0dfbc31600dea2523989c684e6fdfc05a1a4f81fa8c4a705c1ce314beca419b601711eba84eb4d3c4ab9644d82c0af30e8f7b2176f5a2ef777d7bf1d225835e4800fc91f41b712fa3b4a09bf60df04f3b0252c554082939b1b2149369b16037212438a47bcbf62479fa80e21ce8e58e7a141f39c2a8abbb47bfe79f1d1ab1b449f509b2f20e0d7b40b38406cdc4283e7894e69d8d4a949e79bf77f52936b1dcd6c006240fa3310468d0cea19d4fea53defd528d244d47f51965171167af4d72d4243a6a121c342bed342b6dd5c9b64b63ec172e1b10a67d292e61f1f6eddf5c2e3d6f300b4efac5e06774f06304c6a29b0b33c03f1a2d0e379a70c3d682bc1c895a11d5bd8bf3202f1f3071cb871250ccda279b6720403d41e37af575f7ea39e3472356ece898849f6bb74f3c619f789bbecf0e09c79de28e42e60e89c5a035c11ce34ed8a300053d5aec107db84bf0cedfeb8e56e1318aaf26803305f3b686ea95f6616b23f6162c540428288351da9f948e4704de194cd2d3081204c2981726964bd2eecacaf0a203afae4c7b2c22a1c3e230555084ad3ac14e9be4a04d464fd3aeb05347bb052e2faac1be4f21e2ccc53e28c09ac23ec10a55383926e0183682a8a1db8eb2b2b2d75f7f7dc48811b2ba347fd6085fa9443d9d8a8949c084b1f884d1f809f03fc66fc2d8d1e3c6fa4e9ce2fdd107cee181369a00bb8860ecf2d404816185ac0e502dfdca734dd4b4fcb53374e93375a9d3b353fd7352a666467fb635f70cdd9d0c3fbf9ebc41d409224538120de85f18736fdc5e7d62eb4fcacc805f576e3144b1801cbf254ab616549f363636b6b6b61098316386e80185a5c0cfbcc3556a51c0abb183000216c73f99ecef30c2b6112330b40adc4bb8c9c4e684e59aea9c24cd5811ef1010e5a84e063500e6a8c11e299be5c936da44bbb01887a0c82e816acf259a7969eb17efd8b3ede2657a05b00cbea6097b1da02cfcc92090f4f4eab57a5c125408f455115c282e10f241732157f790bd31623fc644457773ee463d972d640fb8fac40d4363b141c5668314b1c57152fb86561cf63cb60ca21f94d4e71a5588c6316285933ace3e22de166568a28326d951bdd2211c54c24abbd01887606dd7108dfbb288d9699bfef3fdaefc33e7e5cb6d02f8e578519e9e26810d019b031c0885086e18c5d15b095c1401e1e2e3c533a74d737371f5f5f41ae8ede3e3e169ed81f76cd4970f8a76d0002fdf01de6e7dbd3c9d9f7add67c50ec7f8a38e0907ed930ed92582b26c2437adcc29aec431aed82efeb84d4231a855477ab99243c249fb98c30eda428fa8a2cfbf3b429f46802d572b5fb7c6ad2a3664dbb81a2c146b0f941118939788ae833b147b61f108c055c35775e00ec7e93884baf86055b5bae8c03b1b748f8545f40858e618a8b65fbaa26358925358329cd8a8b449aac8249be5f1b69191369ae5fd8322f6d45c8119f168821155511886088484e1847b0e379978b7e186441cc30fa70ad65c1b40228c600bd156c21fd18634a93e15fc2ca4a700fb3ef17b9be3e06fe278bf91e31ff799e4e7f5d1afbb82ca8c0e50ad0840dda9c6aa18fb3eb581f6e18b0666244df966e3f4bcb53372d3fd73d6cccc4d9d9593f2544ecab475711f7cbf39ebcc49d8fbb029f450c3608580db0ba16da5206fa44669cc5d731bf5091522f5063668b2f3f7ccb97320511028f60e15adb2f416519f63c68c11ea13c0fe4f95eae9a79f16932c7f691b026e5c8b951e568c4df8b5a82adab7d13a837be07d9f7136c1117611897691b1a03ea1b27650afb4d3243868631dc1d4f14ee1898e61f1f621911d162d1ba2897a2161d5d73b0b77d6d454a0a4400c26740b6c39c0fb70ef63fb4067e6940c5525b4292852b18f42aeea4925d0dc8d5087857774ea30c05bdcb2d912763fd4a767565acba84fd8bed42e8a8d0543dce0e8f1b84145f343591e008395a75d6f0211392b6eb52a44eda48dea1816efa849b0d7c2394f9c933ac1519368a749b48d5c6913996c13916c139ee4109ee810ac76f8ef22afa5da9756a60616eedb51555d8e7e4460c79cec4d50bed9cf687930128d11845b1a51cd2a35cfab2fbfd2871e3c02010ad6c8fd5ac63c06787a0c761f081ad4cba77f2f6fdfce2ffebc5ff43e5490f1c76c128ed92595d8271cbf8575883dd329ee9c43fc71bb84c3b6f187552b8ea8b4c76c220f7a47ed9a9ff84deee56bd7f077c0fea93399f478560d31dcb6e871f8235b611bde002c08aa11ec7985055382ecf3b432389d5e11477e44544b52c1d5ab61478fbfb2267d9436aac7a2d08e019a8ea1d1f69a383bd09ae84b490eea4447758293167c2c51057e1591a052c7ba042fdf6da93e6941e2570b8f69af062b48420b4fbac4a610ab4cbfe27e70a3fabc19b20c1d378e5ef909c171e3c78e796cd28461bffd950b484fa87b2361b8d8461d681b1e6ca30d564504a842bf72890f9ff9bf2cffdccce93969feb969d3725367e85267e0307d5a5ec694cdc9cf64ac883ab60f3fc7099b024f3e7143d1e98a79b3d058380dd87dda4e0f09b7579f0a555555efbcf38ea3a3a3fd3de0e0e0d0b973e7050b1628e58bc0ad51b2b560dfa7adadad22409d9c9cb66cd90293ee707d5a1a5828f83a559274f863cd80ffd8f809176ff7060358533da8cf6951d120056c22136ca9efd301aa6c301004da18276d8c7d58b4135e184db4d126d94426a9c2a254416ac700f5a010f5cfd66d0cdd77705b153e0b0665c940db0111d82cb0794818e019b9a8102091164de7e8623b352076e596fc2dc3870e6bc957d8e06b9b1ed8be4fda55b89f6873928bc196832d8961da6094a35d9b35e02d4fc5ad5281a68c88b1572739823ed0c43b81fad4c4428a5d448c6d240ca3ed232031b16338648885f32255f872556058afa0f0e14161efaedf187ef0e0b6caca8ac60b4017a32d84c930928f4d9ad6d258d63c0bbf5ed0b943c75eddbaf7eade03aca739d052d6b347b75eddbbb93af7e9ddbd67f71e9d3bf4ea3bf8b75ffb867ddf7bc9aedecbb6f60addda7de937bd426f657d976eebb5e4fb5ea1797d966d1c1491ffdcda433fd5157ff44df186b2ba52b943013b17e945bfa86ea872c3ca8c8e6318581fad2d0e39372c853c1b4dde81586788345a01f807a17cb0b63ef158c9c7b9df8e5547392f5ca20a0857852eb78d88778c006f8907b9e9a04980d36955449cedf2783b6d4c076dac933ace56bdda569ba452c7b9044716d095777919b4443a35c284766b34c0fd43bb4811e2f2d691a7b72d427ddec97d9f427de2dd9e7ee3c78ec74f6c8e18336ac0eb3ff25ab6d8561360ab09b2d32cb1090fb25307db862fa197df2db40f5f306ae3ca5979eba667a1e29c9693ea9f973e2d37cd1f74a72e6d7a5ec6545ddad4bcd5cfac8d8e3fb2bf4eac9001b6463db8b101378bbce160003b9982cc3d7147f77d0a0e1c3820841ac8c766d3b16347a1fcb66fdf2e977b072855730bf67d028afa04faf4e9230468db03bf8d2a63fc8de4d3f06be54a418f67a5f4db6942fb353c1ef102ce45499a111d03ead33622d14e1b6fafc56ba0a0061c2100299a04fb8804bbc878bc452f221e2529769142b59e60a38eb7098aecb42874ec8a84f7d3d725ec3b78e4ea55ea41416009b089c4e5217969e60a405efecdf9e1cbaf408b6b2d229b6b74c9f2c1bdf28edb8a4e6960c391827ff0a992a49909ab544161b6a02923936ce9863c277502085038e1b18f887288048b76d04475088feaac8eed14467da291f1b6da3887f078c7b078dbe048a780658faf88fb71dadaa80307f75dbf8677820bb02d867f7ccd23e90a91dac2a0f2372352366ddcb46eedbaf5ebd6af17c3163518ac5dbf7e63e6860d305a9f91b9617dcafea371c72fc41dbb147bf47c1cdab9d85bda8a63e7228e9d597efc6cecd1539b4e5d3c5b8fdb46762e38524965627540bd6a988e1b0f1351dde0a10bd97042eb21962587e48d4a23f31686baa5b8ae36f578c9ef36654f8a5bdd2d48ab5aacb50d8d73d424396a13a19ab2d5c6da83d0d4c43a69506eda6b62ec22e36cc940803a68131cd549f69a581b7544ffe0d07d35741f072c0b8f291ce1d21e08338f717f90b7c30ec2f6c83cb52db9517d0a95090658dd033a016cac9fdfb827278d1f3b66f4139e4fcfeaf3efbf77d02c51852fb6552f02e969ab09b5552fb15507abc216d9ab173db671d5f42d99d3b35266e5a4ced4a5fa83fad4a5f9e7a44dd7654cd6a54ecd4b9991933a2b3b6d46d69a6733e2638e1e24010a1b04cea3507dcaee64de5cf2a8c1bb98bbe64e9f3a82e1a1438740a5a5a6a6828b349b1d3b7608c1f7ecb3cf5ea1b75488f2956a570958a224b6acfa5410abd4bb77ef6ddbb6c999da1068dbf45057e395cf079e329002d14936415afb8864076dbc83260eaa69d4019a787b75b2a33ab903de8d970892d416ea77bc3f2f062a7730d0a320581d35098e212b1c17ab7b05ab1f5347bebf7973dc91c387aed6405341353a41af0c8526aede64001387ff8d5e832e45a9fff9e24b973e7d5bea0ae683ae3e01d878747a830ef7fde9d3c9fbf7271c391a7bf070e2d1634987dbbbc51f391a77e448d2e12389878fc41f3e127be488f6c8d1e13189b6cb22e17c4615916c13996487377d26a12f692090081e688f86e7428e9ab88e9ab80ef4e088ad762548557bed4a277562274d7c872591768b96750d081db53cea673959cb8f1c3e7a4dbe2719dca85692aea36a07e9fe301ca7370262f18663e8a6885341689e952699e6862d03468729c4c49189d7bdf5d886d334791177bea466038b854542f5805fbc82da15d617570cd28aebebd34b4afeefdbef4747c5f50d09750a5a66bf24c2012a286d922a22c92602fc47f616b408d09ae8368e6a18824725d96b93c173ecb4abecf10c27ca51ad760b5972a01eca7ff0c1fda517b72b60ddd906bba9311515156fbcf1c6add4277ebd1d3fab8912145f493f618cdfa431a347793e35d5ed5f9f76d1420d1ca28a0c56ad58ac8a08b0095b6aab0eb5510776d0048fde943263cbfae9ba74bad49e4296e69f9b3e33276d564eca94fc94c95b5266e6a6fe6073c6ac1c50a8a93fc8888f3e72802ec1c37690db127020726e426c9ffbb1951e1aee5a7de6e7e78bc4e671e2c409f1ac0f3067ce9cba3a3cc1103b17c03b4ca1b6ba01982402ada43e0121405d5c5c76edda25e76b33d083f10ea9e86dbb7e9ebefeddcd393fd9b8f9fd4dba5f6fd0fd72e3e60f36667db031e7971bb37fd18eedbd4d59ef66e7bcbf21fb271b755eda04db30ec1be8a08eeba081ba3bc126221e860e78eb27aa01274d92135e21857a3c912afa042735648e75d482068d05556a139168ab89b75b1ae9b830d03d68c9c41551ef6dce8a3f5972acbe4ee90d852da647e96932180ce03726fce45da36a407814044a2f970ef21de0edeed13202f481bff20edbac9e5efb8dbd86bf4acbe8f9b77f745d10d8694170f78065dd172ce9b120a43d5bb7454bc07a2e08e9052bbc30b8dbe2e02e0b97388547db4724398425d9ab411680a04cb4d780865869a75925cc5e930c061e480202ef0d053f04910a06ce09674174970824263b80a45047d92e08eef5f592c991c9bfda909b7cf6fca1fa3ae51125ba15f981077f03fcd3dd2b6470a8505c9e08220d7de52646348e2174b8c1cc28cf4519d8970631711b37e4c5ae3591add58185e00f837f0456e09c5ebfe1e2c53fe67f3b3576a5e7d248bbc561aaa551f6ea585b3cf5850a0ace93e3e8860d3c55863367ac9d506ba22f417dd5311cad03981a9c04ef658740c7f078fb083879d6cedbb0e9bdac9c9f6fcafee5c65cf0995f6dd0c1b09d57dabf42cbf9f9c6dc9fadcffe65e6862f7479e7f0adccb07bf0423c8edb644759d2a4fab404efeff4a334d09f10f09b30629c9fdbb3333dfff1a72e58e506aa224354cb41802eb6890cb0d52cb5512f51852d18be7ed533df6e9e999d068a737a5e0a98509fd373d366e682e85ce59f97e2af4b9f9e9b31233b635676ba7f5efad49c95cfaf4b883d7a0805287a316e0decd5a728a6907fb5f9167aa8b86bf5999d9d2d129bc791234714f509cc9f3fff1adda1ae680531b442496c11f5e9ebeb2b2fbe29222222e47c6d06fc3893546592de599da1fa325015ac558544a882a2548ba354c1a1aa90705570842a58d3be4dad5a0aebac550546da68124041da9bab72529f49b61149d0ba4398e466a2a33ad109efdf0741804fc4db6956822070d2443b8000a56bf4f6d46be51891e0a48db30989b00b0cef1bb4748246fb97efbe4f3979ea98c1709dda330338063e970c7502b675f2f624e8bd4d58495cbb7aed17effddca5576f6b1dd93c23b9f9a03e75049bc3427d964ad24f36e4382d5e6a1b916813b95aa54eb4c19d15db9ecd16ce6d404aaa93ecd449b8b69a043b4dbc0dba5662274db253781268053aab41f549bd9ba847299a8822038566826d643c5e3f45c5893786da44c6a922e34086a213aa13549a18fb4870ce2455488c6a91a65788668266f95f73f2d28af69eadaaa10bf00f3a50e3801ba0c030eb4200350784a94d8529a81c6f6678b8091d29626668029500e97201d8f909896211d8838c1f4f6f75d0cb6961272569fdd9b35fed2cfc41749267b0ba43a01a2a583b38c78848064de944958c2d9df7e275186d0c9c33e3c9095453e0486889f65abc731dfc016fe7c0fe4e3c87a1b3e8954ee1c97611c9aa15f1aaa550696bd002235501cb55012b5481cb6fa824db9ba9558130d4a2fd77f198c8150557e8ec1e7617dea4db68cfb60d37aa4f6bc691fa9ce0376682dfe827c73f317efcb0a7660dfae7675d3521b650f74606e05be523436c4086e2478f8354e18bba46874cd265cecacd7c2a277d466e2a0acdbcd4e9d8034a6254b77a7ade4a4807e9393537739a2e737a4eead4fcd593b7ac9a9e9bf27c5a52f211bc040f1b033c1b9a1a745ddc32180007331f3b4c73b89fea5304e6ce9d5b4337cd34a93b052dab3e57af5e1dde140b162c80f5f9f4d34fe57c6d08d4ce1526d3cfd2d7ab02d5b65ad06aabecd4290eea149bc858d5f2047ab8122f09b55f8375d624db6a56d96856aa3489b6cb41cdd0cd9dd8a300353554e2a800a8470afb3b4101c010eaf10eea4407356a5355248a03a8d63b86833005010189c9908e7d5a904d9b681316ab0a8b512d5ad679c1e2a92ba2fe9c9e5e74f1a2597de2a9e98d4d1ab88d788c3e6bd366d7de7dbcdd3daca56433ec7ea8cf16bdf20e5527d499a83e2b4dd27b9bb7740cd0a050d3ac71d0aeb6835db93cbe3d1b9c99c0198b3d6aca95b611242e35c92a7cf74dac7cb683273ce066c2d3d0a9c42554db0890987034c5aa56c4a12d87945807baa2ea807d5d09f69833c65e0b1a37c1fc7c49acedd2e5b68bc23afd3764d0c2e0f79356165c2e45977be0819f20b48539806114a26699786b6016cc4c0213649e90a1f2340453517bd29f10aa542e3ade35a3540b33b736b0e453d51501591b9f8f8deabd3850b520c47649b46d18aa46473831d6463b85c5740265a989c7dbd023e350806aa1ca8a8733313c5586ca4a8bf76c88ca4a98a8d0c0c4a36cf6cba16a02090bfa351eb42cd4727658bfe1508515da0d95643b33d12380f7dc2f4fb40b0a9b1093b8f79ab8d40cbb8964d51db842cb72a3fa54deb8e447d7df27e04b96f0fafb48bf71a39e1ce73d7ecce05ffcac5f78888d3ac40edfe81968b33cc4461368271e7b577fed1c1dfca42e6dc637eba683d6cc499b0e2a539786b77beab0e3132fbeeb52c120302d2f639a2e637a6e3a08d3a9ba5553b7a44ec94b9bb139f5e5ccc42de517c181a9a991ea519aa3cfc37fe33b4f98bba6add5e7e1c387edececa01c1b1b1b11007efbdbdfc224d40a37a9d995f416519f37a3bebe1e56e60f7ff8831c6f2be0280727ae329a7ebe7603f67446c4da406d886ff7805636ca561b67a3056187ef8e69b7668f9d46b1f65053638f66921334e7f8e21bb3e163ef201aa075871a1cab78910e5a937a11200c153a5e9d07931345bdaf45b521eec1b20b4f52054639066a06ab57bc1a13aff9dff767af5ea5260dc5a79e9eacb544b8133d3162aaabab7bff67efb54cf7e703af3e01ac45610b554bd2dbe9eb6cfefd35f682800585615f486064bbb6205a4f5c5bad2a20d266d10adb80689bf038dbc80407684d858f09934f7ea80f1e7badf0acc6118f2974b04e61099dc2b12b0b736af0b9664884b00d44d509f6ea385550b8eda2253e9aa8792b53c38a0eeda9b95289773a1ae95d4c0f03d8a0e2d85264581d43b7014a0091a200339bcf00cde5e018ea6eec551569f4444b1bc99acabadaf4c282f79392c745443b0787c389bd2a2c163d4403c3687cfc519b681f09a73178aeeb203a38e58e7371f5064e86c1a0e212a7cd20d7443ab80af815d6d2509a933ade49136b8f3e0367e0892aa8dc3471b0085b2d2c055ccbbaaa6c3f0695b6833ade469ba4d2243a0569a6c424ef979ff3c4e76c60579af766db716bf53941dc03ea377e8cdff8914f8e1f3676e4c0975fec1df86f9bc8c5aa88603bf5129b70f16ef9403b4db02a6c41af98659372d366e5654ed5a54ecb4f07c53953978e8a33376d6a1ec84d549f337232a7e766cec849f7cf4b9992bf0674e7ccdc94599027276d2a285450a29be37ffffde60b7a6c5fc075f1f08781916efa82356e134f7e58b90f7d9fca63e60a5e5e5e85858530f566377d2ae99e9e9eada13e45f9172f5e8495f9e31fff281249bcb48973c1424c52a5647a3f6575c72fffd53124a443d012e780f09e8bd43d162f750e58d62540dd757178b7f66ddd172eeb1110de754964c7d0980ee1091db0390729104ff77a5247143e058f97d4c5557554099189b624439d30056a7610a0f18ed8570aa2331ea278b13574b95348a4f322f590c561afa7642edc5db4a5fa6aa972d229ef1fd84f4d7b8e1c92a4a282c2c103062a777fe2970c3dbd94cfc6809444357927f640ab4ff2343871a7d3787cec77c5eedd3f5fb3e6dd75eb7fba61fd3b60eb36bdb32ebb3ddb4fd76709fbc9fa9c77d6e6fc3c53f7d3acffb92f4fb609076783933438b70147421f23e980061e889750417d6a5682fa740a4fe81c9ee41c96d83934d1293cde016f324e74d462df956a59822a64b973e0d2812161afa4ae5fb8bb50575adee06cb8ed20d8daea13dcd6206e6406bd7bd1643a6f329d3549674c2630089ca3f0698a8a8065580c4fddd220c34993a9c4643a01f98da60b26d34549ba64922e9b60680283855e946e61d2655831fab4c45949ba00f3a299cea16114a6969a4cd58d2a4f383c5174622fa8309828a7c943119091e3f7022e1eac4692f6d6e935fb0ebcbb21f7b165cbbb2f58e614ac552d8954a1c4c40b3278624cdde42040f15d9e5071910005c78013128c82b2141940a5a9f1d6cf4e6178826db73cc6119f888712e23b2dd1388784770a5c06d575ef854b7a2d0ee91ab0b4dbe230ab4ab25d59f7c5e13d16a99d03d49d0242bb7eb960863a52569fb8e170ebb5b6a3df486565e59b6fbea9bcef13a4e7d809e3f055f230a094317ee3c692021d396edcc0f9b3bd17ffdb212250b51c7b3aed344b6dc243b0068694f0859d2302fcf3d6fe206fdd0c7cb63d1d04a87f1ef6774ec71e50b9ef933a4433407d6218146ade9a69f96b668260cd05910ae99001e65a3d7d43e2df767c53413df8b87560db28be2dd29866d12ed42700b272fffefd72a6c6586a080f0f8f8f3efa488eb434972e5d8275fbf39fff2cc769d10239de4a40f126538d64da7cfac492bd7b020f1f0c387424e4c0f1d0fdc797ee3f1a74f068e0c1a3c1078e861c3816220fad02f7126e32f1aec34b0e1e0f86f0c1635f149f1c109564b73446084aea7f125a932ef4d0c577b92f419364837d0f1086b61ff401284e7c0d931dc850a8d9b5f1aa60b5fdd74183c3236727a57e5d78e8dbd2b28b46bc2f0d7706fcd3953d8adc294b439674e9d869a097b78f87277dc9b0e1a38520257d147d796b7b18d42706a1daac374957e97d9955f851415305c91d30882a01115602f7126e32f1aec260e5127e741bd619126108765292a624a7ab8256388182d4c6d9e24576ecc504f7131df0d8bb19990c9e0601f034f04cea0a055591e810916c8bc222de069cedab60af65d1fe312bbfdcb327afacec3cf6fe10f8224403f57a1277e372cd457c6745cadcb777d6e22fa646064f5911367579d8e415a1535684fb47aaa72dc768b36dcaf2f0c9585af894e5cba668835f4b4ffa286fc34739eb7e93bdee3739eb3ec859f761cefa8feed1b2d7fe6973e6bad32776975eda5b590a3b0b7e0efe24ec56832d4af715622b0e13f07b522444f11f132840a3e6430241942aef4758871d155561874b5e4fdf303222b6e3a2a5aa45a1f6e1d1786905cf4012a0e681535feacba4078ff00a0c76858a4bf06252079c8aa734748746149e6387afecbc2cee4f7b0f841c3b1678e8c8920347d4fb0e2d3b7028f0e091e0834a25d9449dd9ac709389771b96034b0e1c0bdd4f55f7a1c34bf6ed5d79f4c879ecd2a30d86fb062f2e8b4dd766dca83ec74c183bce0f04270850ecff1c33611c08d05163c60c9ef5d4b0455fd82f873a16a467a04a138c4fbbc3102bdec5aad0ff7aad8c783a6fddd3d9e9426536db66e4a64dd1a54edf949455012756e458349469eb2df45071dfeefb049d2720f1890c1830a0a8a848ce7713407d7ef8e18772a4a5292d2d85d5f8cb5ffe22c709ac235b5b7d42b56caaa397fd36015405a2bfa53d9b58c93a492a91a469b1490e01110e1a7c9d0ddd4465be068a153af68682e18b3fd5d4e1840a0032c43846c47580062034da66c90a87a0885e81ea6756657ebee57fba0b174170d49b1721ee3523e909ffd8658d55e59d5502274a4a263d39b1778f9e03c5a78fbc6f50967762f7437db6dc53478dc00d4901b1191f08c4eeb65c6510a0331257a982239dc2e33bd07576074d1c3d48146b13196b1b11638ff777826200a190e418869d5820439d22936d4263554b5780eeecb664d93319e99f7df7dde633e7ca2caf26e3420c4693a11ebfff4dcb6b586c6b02bf90ae54efbd70fef1658b54c17f5385ff5bb5ecbfaad0ffa8c2bfc4e1b2af544b6f65364b6e65aa255fdb2c5960bb64812ae88b2eea45e336ad99b43965ca86d55337ac86e1a44d606ba66e68be4dd9b066f2a694c91b564fdbb06ae6faa4d91b12bf3cb03df150d145d894f4fb48cdd71b4082c2114c8f72e0010d13e803fe9887f6f1bd000508a3eba4e28d4bf870622d9dc3ecadaafe7adb8e97d66deab74c6d1fb8d46e6994fdb218c770ecefc4cb35f80eb8687024ecf2c4bbcfb15f1c44a79326c636325ab59c2c12c2890eea64bbd0c4fec1cb8b6ae597f3086041b8bcf66d376e633c0fc029e8e5b04fda83fa1ceb876ff8c4eece71e3268e1d3b71dcf8b1e3c7794df4ebfb7f1f760d0bb0d12ec2a78ba0d645dd190255ae8d36c02674815b52c4d42deb67e466ccbc414ddeadcdc8c9989197eebf39f1bd4dab8f54c1992fd50fe8ae200be4fb4998e6711fd42749cda601015a55059583359f7efae948c2c9c9a977efde22dce280d3831a76717179e28927264e9c78e0c0015874933703b438f878b668d8a8f625bf56c6900406d3602fb45b8306e5ba49d29f91a45951b10e81e1d4c60ba32e4fbc890a05284a4fbcbb3fce411be308a68eeea0c55e2855f072d5a2308fd0e8592b12bfdabe27fbc2a5337a6c2d00ea2da10e13b1895076c212b17e14952544ee90e2e3c79ff49be0daa76ff3bfbdf980ab4fb1b764702ba2c98d0e6e4aa854c1efdaaf51a30887431d4a0a7acd16d41733e257aa02233be12b14124028745027d2b36b718ef4c2703cb7c14fbcc6e1757675822a225e15ba42b57899dbb288a9cbe3feb96de7e64b174febe9b5e8b84dc093c9dfe82dd3467c401bef5290371c646ad87cad059c5881e8155f21fee3775b548bffa98ac45bd91cd421361141789d3122c8561b2ccc864c092be9b7324db09d26c40186cb16bac66b27e56f9892b3d6df6c5373d74ed665deabe5664eca5bfba42e73526ee6b4acf4496b13a7af8dfb697e7ad2892317e825274603de0c6ac43e50dca6f2514c1a54de11f7081525f695c9043b17f6632d7df9b38e5e768b932e48d2ff2e5f0e3d70e8c5c4d55e9a28dbc070558016ce8aa9cb33be9326bea31ace93e14c265eb51ccf67a0d612b7a7e349355db287f3679526d675997aef557a352c3a248a36f9e7c8abd06e0d56173c9c8e7c3cc3123e8f8d3d184dc7dfd09608f5d9f88d4b13fcc64d1c3f7ec238bf714f8e1b3f79cc18df27c7f5fde8bdde6af4e146952d1c1af88ecf850356c73efd6dd64c5de6545dcab4bc542b3579d796933e439736336f957f46f492bdbbe02403370e0e61ebc016a308d32ceec3534742683689838383d07c967cf2c927f264f35b395b0fcbf2070e1cb867cf1e79255a1914545463610b2bb7ae70f60c31aaca442a2a83766ba40a24e9b424f947c5da066b6df0ba155d73d7e00bc06d22b1c309c4013e5144af64c2dea9f0158e4bb59d162cedb720f4a9f8d4dfe9be5b7ba114f4abb91b01cac5b61f1b7f281b0f76d29d28d5b1474a2c523efc1b423745b8f196fc2d5e1e9e9e6eee720f28d94094921612f316f640bfef933652c3768290d8b01000f783404352bb35f11b70e7e30de192a95c92a625af51852c775427dbe1870c92e85b47891df1e538a81ef0759ef869cd1576cb229d02d5ae8b974d8d4efe38efdb9433e74e36381b945d6f22c397fb99eaf592be1e9f018725882582812c445f97f3b71ae8deb468f89517f4fad7d7a6a996fcd7213cd8292c04842334b1b6da003b8d6c1056a22200431b6d00f609ddc46c2340cb06da852feaa20d1c9b9336257fedb49cf4e9d9b24dcd4d9f929b36159ffc6dbecdc8499996933205bf64b87e7ad67affac755375eb9ecc5a352b3df6ff3667ecaeaa109b1d75361ec520b4e9e05436750b210a03a7818d491daf06d0f514a4ea9480caf6b2247d535df3efefb7cd5d93e911a47158106abb349a1e51c20bee78630608d0c8449b8824a8cd9cc293f1dd9fea24a770989aa4d2c6f558125a24beb409720e952eec3bcbbab19d1a6c166c65a0426d7c6cc118370d6e3b7913b51956ead36fdcf827c7fa4d1837610c8cc7fb4d1c3b6e98dfd8c11fbcdb337c11f8b98d26d846b3042fb86bf16123bcdd53bdb0a326104ea59ece593b2b07efe39c929762ad26efd2b0ef3327cd3f6fd5b4dc94b9eb57ae3f791cd693b6166c1cf028a6f9b4b5fabc7efdfad69bf0ef7fff1bc4df860d1be4ac042cba5fbf7eb05c9864290d6f8d8f8fcf9021436028c76f8ea3a323e404e4382dc89680f0d2a54be5f568654852198c74ea0c46220b6b08aa02c81a42edd2603fc12f20f539353a4115b2c22662953d3d434a8f1c616f01f5805287813a51151261bb28b4cf9288895109bfcfff76d599b3c7af5b5cba82d24873c33f54e7746e4e8bc125e02493b87d4ca92fc1e42af3a6e00aa25ec1e117fffea29b73571f8b97cf0ff46cb807f4d6f6107ceb4881361b6d530a60f896dbb05d40153f42eb0d832a499a9cb85ab57405bd521e4e78e2edf1eecf785b6da22dde099a641b1269bb6869dfe0f051dae88ff2bfcf387deef8d56bd0eeca90f3a2b7e1161045e2a1873a827c4f4ec043525f479294925a0f58189c7481fc955bb7bc53279c17fccd6ed9225b6d904d4420d9627c9f76041a042cc33834275a5880c5103240518b6cc2bef24a5931f99b75537469d3a0a9ce4e4103c9980bb67adabd58ceea1939c93372574ec95d333537637af6da599bd6ced8bcce3f3b13bf6ab871e59cecd4a5bbb7d5c016a55f0b629f4264e491f7be7d4561c2302aea0732105b58bd8a9d8d934504396734aebb70e1f31d7b9e4e58e316b6dc61d132c7404d87b058a8b86c2257d968f19b051dd4499dc2e23b85d38da19a24953aa1f7126da1f8d226960ffb8cfa0db0e8766e7824a10ea75f4f9b02c794ac0cdb94aaaa2acb2befc08471203bc78d9d3071acdfc4c7478f19f2e337bcf1823b3ab92de84e3554b9d4030ad253b3c83e6ce1b08c8499bab54fe5a4cfca4999ae5be3afbbd7be4ff1f8917f5ecad4bc8c273726fffe9b8d55f5f8c25adabd30a06dc7348bbb509f070f1e0441768feaf316a4a7a743f9ebd7af1751b150d00a83070f8674a10821fcdbdffef677bffb9dbfbfbf508a6228c422e0e9e9f9e73fff595cbe87e1c2850be7cf9f2f26411e4bfdfaeaabaf4251a9a9a9b0a0fafafa65cb96bdfffefb4e4e4ef264a2cdde3c2fe4145d1222137744a1e1b40701d85bf8129fb392342d26015f5f1c996c4b4f173984273985c57750273884c7db86c5aa82223a04848d8b5df9e1e6dc35c5274f194dd71471897d06f546ec79a21f0ea9607474c3548ae1043ae0cd46b3c9763b60470ba7d2ebf5bf7cff175dbb387b7978a2a6f4c68ecf47557de2463460a70d5e78c3ad233666bb357209a14ff05f92aee095f7d5aaa0489005f61109e2154b76613176a171aac008c705cb4646267eb459b7eaf0f1d306e3759a0566c5b317c5cd604825caee461b8542e665e008d5275dc06d75f5497d52b02e00d409f510d2ecd9d525e42b7027fb88603bf031686b414ac250041a85291081dd9f36da407cedb6084704da826c151d9fda407bcda22e1101a3b35327e7291d9ff8969969b9b241f85e6c7a768a7f4e2ae8dac9baf429b9e9fee6be5528794a5eda93d9aba665c406eff8fe2a0950bcab1b3730191ddeb06fe8e7371f12966217d216558ce230164ba30876876277b779a3c30e2e35e975e7cfff55b76556c2aa9e81a1aa8030dbd068dbf01887087a38528b17766cf1624ea26d78bccb526d017d351a8b47f5091538554d0f00e2345eb43eb4f5cd9b491eb52dd5d5d5427d8a4f698ec72f1b8d1a377eecd8717e2326f8f59ff594fbdf3eeb88ddffe2764fa8638371080eaf590cd273f8daa41978bb27be5669862e85be6374afead35f0ea483fa9c949ff154464cfa89a3b8ae066c4c0cb8ddda7e3b3d24dc5e7d8a061b10ea33272747445b0a285fdc5b99989808e56fdcb851a40b0c068365c7e41b6fbc21d2d56ab54811d213868e8e8e0b162c3876ec98c86009c84ac889ea9544eae8d1a3753a9d3cad31ddba75a35265daeebb47e258c76d6d61e4d7c2da39587999ea6095417dfa47c7db8668edf02a15bec1db2e325eb52c42b57859f760cd88d0e5bfdaa85b7de2d4d1abd7b06bc7dc06a0a2c4a788a009c063da722b88cd42753ac6e44a5d4e27a3127032066f0a158b59c4b0aeb6f6c30f3eecd1b59b9b6b3f71091e2fbedf893de057de9b023608ee01793fd0e66eb7863b106ff9d4cb1d93a43e6725a6a842963bc0190e3a5bb46ab1b66bb076e8d2c8f7d667c51e29de5b55a3dccb419e82cfb9402146ecf7d10bafa362a974914d5e943c0f8d614433899ea2d604970dcba2951262b75292c62e0f55057f65a75d023a12bf648d77790681a922a0316e08db446040dc0c2a1245c016b269706803434d80037e7e70e5e46f3660df646e26a843b069b9e9d37232c0a6e6644cc96dbe517f67c60cd49ae95374a041d74c23f3cf4d99969b4a023463922e7d565a42f0ceade5f5f5a0b5719b9a0f63713a2436c53d003b0d5d9accbc0369172a26d2e19fcef8218e3e80c9988641d0a325fafa75a74f7ff2cdb713b5cb5d8335b68bc3542111708683f7afe3a94e922a3cb6ef52f56eeafb8442d0bda01cb980760efc545a5f5a656585c5badf975f7083fa1ceb377ed4c471639f183dc6eda9192e9f7dda2d3cc42e3c80aeb3c319179e74e1f99566b14de8d72337af99f9cd8699b9f890bb7f1e7ed368664eea2c7abfd23d19f69e429999d3f2d2fc7519fe59ab7fb125b3548f8d1d1d9cf81cacbcf6cc5d721bf5892d361d924071713108b22d5bb688688bb366cd1a283f3737578e13204c2dd5e72bafbc22d2030303458a909e10983163869804c4c6c68686868685851d3d4aa72992f4f39fff5ce477717151120f1f3e2c7fe688d8b56b174c15d9046dd7f749f5a238e26100ee6c3631a5715afb33529f701e88efff9b1e9da80aa6d7e9a9a35481c19d162c1c1b19f5d3f475da83470af47a7c6850804f8dd453c32fff482a0b7581381fa7f6806a409c26369019da50c2600039e506ec96086716889425c121c3860ceddbabf75d7c029ee4e683fbd45123e46d285c0cccbc2bdbb5a100acc76f42d26e34892bef2b5541cb1c96689d172e19a95ef166dabad00347765faf6b7036f96e0d109a3037fe564cc3312692c213be26b682599a28f9689a3ca2b456059780bb82d60f62784f8e31e7c2b9619aa5aa250b55cbb1b3c7560b16446615168a135b65b3fa0cb205b5aa317785c250bda877ecd209791993b7acc55b3c4111eaf0ddda53f2d2403b0af539155f9148964b76e7618a82eef4a79ed429792913f3574fcc5f33392fc53f37753af68c9242d5ad9b98bbe6a964cda62387e0f7522d4023dcdaf0bb6f7b34df162806ab132a1777a462f80f7b98f6326d66daeb9840db1cd68166c23b89f056289ce3ba241d3318569f3cf3c1a6dcc931c93dbf0e7158b4cc2e34ca561da7d2c4f55daad94d7d9f301fcc8d3f0266c2f9cc85b65713db485e5342acb8bc13da1c509f6fbdf59685fa1c3f7edc38bf51a386f84ff3f8ec0f9d229740a58a5fd4c4132dece3c7be7cf562fbf045833213a67fb761862e6326cacdd469f8ddf6540853f4de8cd4a73f9ca1e9d266c1495a6edacc8df199278fe35ec66b27f8f09cbcf6cc5d724757decbcacace9f3fffedb7df82205bb9722584cfb5345026e83f283f212101c2e08562d1d0c20c1d3a94a420a2a8cfc58b174354b9e6debd7bf76ddbb641faf5ebd73ffbec33ca8b0c1a34084a8374109a9d3b7786943ffde94f5480b477ef5eab1b43070c18d0a95327cbabf36d78e55db6c640826565a1e46a770675951e2b7a7c8c749a7a85ea5f8bba8668078647bcbc7eedd24307f79657e034cc89d53df55aa1caa1315dfda4c900351798440a40144ec8cb916332e61438fae556e2e6a0e444854c7dac1415e9057b0afcc68defeedcf54e05e8fd509fadf5d4914024c913e05f34a0edd6c45ae2501c135725d33351513d172c9c9fb13ee4c0e15d65a5e6cbeb9809b2c03c72078588c350b10644730b9385fbc961258f398ed6eae0c2707de4c5a14ac2f548bf7cb1efd2052af5221bbc7a1e60a7c56be814b00ce31576d13324cb4d88d2734878c3285eaf5cec1411303a6bf5947c5081a83b27e7ae9e9207ea3075325d2807f5495da1a9f762585a5e2ae8da29bad427f35327e4a74dd2a54fcf499f293a447333666cce9cb879e5db5bd20e5fa986df261f8ff06b69ac8cee0db14f2dc02599fd882a1e0a522625dd3c07d618b0d9518f0a77c37f987ee0daf5d863c53fcfca7b5c1bd36749846a41489f050105e2a923d92f69b9f22cedd76015e1e740cd0943e16934414c55a640b8ed8076ffc73ffeb1b8ef731cbe61de6fdcb8098ff94d18f3c78fbbc31914deb50cce2c5eea1964a309b25307aa967ed52b66e9d4efd6c3e9135e70cf4d99ae2343ed485fceb49492cd30f9ced18c19b9e9b372d266e9d2a76c4cfe68cba6f3f84a0ada84563ec6dc31b7579f478e1c193e7c384837009459c78e1d45b805717676eed2a54b870e1d40f089f2c1f94e9f3e0d4b57fa3e8528fce10f7f28d62a2020404904faf6edabd7c3d122a5a4a488146512485b4887723ef8e00328f9e0c18354803463c60c91e116b491fac4e39d0e7fc58d31c56c0f08f4d011aacfb7e2635e5a11bd6c5b4161e5953293f99962947eb5f4d63dacdf202bf662c9551e54f37a308a895a8f2a3ed826b859b05c18e13cb435cc739953cce9b705da127ad615972710e9fbf7efffc133cff6edd5dbb35f7f6bad79a3c9ead383d4e700529f5eada03e3340715aaacff12dd7f769b9d98489ed2e6fd5f60fac25dda041e730f575a6da0d878e7c5f5a5169c42f2fe3747917e3690eb916fa12ee7dd975e4df2d4634831252c60af23cc2b0e01bb3b434b4085c2ede552616882b6b0481f3d1e60cd5c27fc83d9ae6ae4dabb09c8257d8d1ec60a80db2d306dbaa03ed228254618b3d5362a7e5afc58659bedd33652adea389a210a4e7f4eccce9d9197815fe96263a386f66501a6640212b9be852a5a9a9f8a9c3acd49999f149a7e83294f948577e798b6c62dc6cb2a18a341b6e50588482c8038b453fa1cd0ed970854874d22e27603a3a13d64dc035493a7cbd36e6e09137d7a4cd080ddb5f432f0ac43900fa39147a20105b00d7570991bf89b4b6c4427d82f844f5397cecb8fe2fcfef1ff4b5ad961e9bd30482e8a4aa15fc79894d6840d7c8e0b15929d3f232c1af4074cec087dcd7800605b1e89f9b390dce792ca5e4dd1b7e1509746d0e3dfc9e9b322b27f5a9eccc59eb56a69d2ec63596cf4c98e6701bf5595c5c7c274f8eb7068f3ffe786969291cf04d5e7957d4a7509990e70a5dfb484e4e56d2015b5b5bf11179e037bff98db7b7b708834815b778f6e9d327292969b5998f3ffe18121522232345fe56872a3939fc6022561ff6c1818ab2cb94223057df50b3d3c9a21908614d8f01089ac58f2c10a0eea60d62de269084500c0672aaa051e4765081b036ca50505353a30e0bf7f1f4020deaede9e5ebed63f9e9a3815e3e0320913e89444fc77b89af74421e5f6fefc11ebefdfb7ba1fa8c0c51a9c5ab8fcda60e7058b194d4e4edcd3b3bcd33270dd4a7ef6614a0eeb9a9eeba34ef9ccc0159eb7cb3d29e5c159377e9a2bcba2d076c0230f346bfbb6d793f4187005f0195203c47817e01b954c3cfc21d6df9cb44d432e51628992dad75a165e080ae0f8016c21f017ff0532fd4d5bebb2ade66c1bfecb4410e1af1187bb0ad7689bd26c81e1ae686fbe11663df670448cf604775889d3a18d4a78d264015bed0353972d296f5d35068a6fb67e31705fd5126a629c291c4a21c6ed240564ed6654cd1892e5248c1abf6f4a411ca594881495349c842e6e939a9d3725360aa489f8caa34d53f7bb5ffdaa8a507f6602f35fe447cee877e24feee56d8c4509eec0c54a734529f66acf23420d64718880d0477059601ffa03af757555551df871991f7c144ac7b9bad3e2e0bf7888855555f79fdedb7873d317c9cdf68bf71e3868d9bd0ebe5797d177d698f8ebd18dcdb561d0406ead3262258b57461b7c8a5e3b353667cb30e34e20c108bd84f294c6847fcb6bba223efc140c2a60bf53943970a07c8c4752b430fefabc5156fcb8df5b0711bf5b97dfb76a1c38498136181481188a848efd8b1e3fcf9f35f7ef9653f3f3f9102dc984d3066cc18c83c7dfa7411c5c782cc4faf03274e9c8075b8b5fa14e99f7cf289485fb56a9548a105e2d461c38689491f7ef8a1a7a7a7082b57e7070c18205204191919225dd076eaf3e1431c99a83b0572727b66d7ce9d6fbef166e78e9dfab9b87aba63efa6fc4e50d29abede5e3e5e5e833d208a3608d4a7b7a7af97cf60f7816efd7c64f5293efba69826c0216a29c8ca3b34af1c90a1e9033667c0d02327d53d37dd376bfda04d1b407d8e5f1393d30aea93698734346822440622ba96924bf5faf9ab13550bff61af09b0890c52456207a73dbe403ed0161527be56c93662115da60cb2d186d86942ecf1d5dc81b69a00a7f0056336ad9c9ebfd6524ddead81fa14fa72068857949bf829c2a9d0f09bd5276953f9c1f96974f11dc21098a85b3d4597027a74565aec9283bbf1e62a50717578d5a31e7f9adc65287e717b46aed18431f702ee6cd888a0f8919aaa2b6ffde4ed618f0f1eef37eab1b1e37c5e9ae3b6e86ba78810bce01e89bd9e781e859f350a54852fea16b56c72fefa995bd6de20165bdc407d66ccc8a16ed4bcd46979e9d336a7fe745dead12bf48981f6eeaded97dba8cf5dbb76091d26c4dc4f7ef29358e2f1c71f8744a114c5240880eefce52f7f99979727e6adacac4c484898376f9ec803994536c0cbcb0b845d7c7cfce5cbd84d565757b77af5ea8f3efa48e414791c1c1c4e9d3a05536fa13e01b10e4f3ef9e4f5eb78220d65421457c84c48488898e50f7ff8032c5784d56ab59811522a2a2aae5dbb26be2c022b8c859a61f5f9a8515b5bbb72e5ca19fed34180f6ecde03fb3bc5fda0de3ea835bd3d0779600fa8e804f5f5f2c40bf1ee035dddbc5d5f787a48e412f925208a69821ca242bdb233eed084f4f4c59b3e33bcb3d37db232066d5a3f68f306cfacf491a9f11b2e5fe27aeed102db6659eb18e89540d7f1613de9646ded9cd5f1aa45ffb2558be7d9f1523b7d00099f40b2d7063aaaf13650fcfa0bde2d878fbadb87077454073cbe7ea57ffe5aececbc47cb41dd392b0b0d24e6e4bcd489792040218c17d9a7e4664cca5f3d356fe5f49cf429b96ba765e39b3e27e7a44cd9b2666a4e1248cfa57b0bb0b236e2bbce4d78bf04fc34a5df911bf3470ff32ebf5a5dfdce8fdf183162d0b8d163063ffb83a10bbee81a1660a70ec0278dc02242d0e1c3c1c90354cbfe3b383dfea96f369134b4128b2d693373d2f022be0ed5e70c3889d2a54cd3a54dcf4e7b696d7256f945ec00679acb9daa4fc18a152b44fa0b2fbc0051d0768aa61c3e7cf8e1c387c5544bf47abd224045fec58b17979595c9932dc8cecec66598b9b5fa5cb468919c4474efdebd86de79f1cd37df88e7d6c55a01a2902b57aecc9e3dbb4f9f3e97e8e63990aaa2583b3b3b5757d7d1a34783008574569f8f32e20c04a8aaaa8a8f8d7beed91ff4eed9ab47b7ee9eee1e603ede20433d49747afb788bf783627490c7001777549fc3eeb9efd3272b1514a7b7ac3e537d37a70ddc9ce99bb5d63d2775645aec86cb17b9617e3401f56904896614afa5c40eb71306fd2babe3540bff6eaf5962a709b2c15e4f689e836db5218ed43f64af0976c0f440d572485f6413f6f5a0f4b8a9df6e989c9731252fe3d6776dded6fce9fd9d33b3c0f026cec9baf4897978af2748cfe9d9284027e7ad9eaa03f599ea9f93393d1bbf75342d277352f6eaa999d14b0eec1617dca53aecd1d58b0716e9dedca62f89330f2fb0bfb14e13a71ed04c5757fdf4edd7873c3e74d0183faf9fbfef1c1162a3596ca30eb05107d9e0bbe5c5597da02a74814b62f8145d269cde5889c516b79939a9283af3f0a92388fad3f34cd8a9bf21e1b36d39e24673a679dc9dfa5cb26489487fe69967202aa4a7d09451515162d2debd7bdf277ef18b5f88278740d83dfdf4d3a284b7df7e5b6403020303959c7ffdeb5fc3c2c2441ec1add5675050106470242000b2b2a2427ebfca7befbd27e7a6c589c7e7bffffe7b91f2c5175f40550e2911111130af488400ab4f86fa981011351a8cc949c921c1c183070df6f5f6e9d3b367df9e3d7cdcdc7d407b82fac4ee4fcfc11e5e833d7cfbba7bf77ffee961f84ac5a6d427ddd349cf0fddc6bc6068569fa4442131c32b27d32b3b65fceab8567bdf27d3ce000714268fc5132ff8e2251acbfe79aef6fa4fd3933b07fc4b15ba501549df7f8f0cb6d12eb1532f556997800cb587361bd467e46295f62b8f94e513f1ed33a83b27e365716b4179573655973695da607fbcb04eaf94d7613abee6338b04284c85c61b5a6ebc169f3155b776f2869417329223f617d0c3e1f83c58bd015f9b05d2936e2ba09b78e96503f0f36451c23cecc08e86d310dcd7b4bfafd6d4bcf9f65b3d470e73fbd9db6e210bf16b46508b820fc3799466090a50509f610bfa26a8fdb7ac9d858a50b9c5b3b50c1fa2cf4df5c7773961dfa7bf2e751a78755ee6c4ace48fb66eae6247bd07ee557d8af4e79e7b4e5cf806e93960c00091083cfffcf3227f727272e7ce9dededed77eedc09d1babababffffdef722633cecece3054fa2c9b549f2fbffc329587bd53274e9c28292981213071e2c4175e7841ac436969e9a79f7eeaefefffe1871f8af7d8036fbcf18628a14b972ee22978006604e13b7dfa7410b562dea4a424914dc0eaf311c4b281179c397d7ac7b6ed6fbefefa0fe7cef17177ebdca553afdebd7d3c3c7ddcdc06f4771fd0dfab573ff7fecfce18aa09baf1a9239b154b3d7232dcb3d3ddb2d260786b73836156a67bd63a8fac4cafcd903fcd3537a35fee3a8fcd297e2b93722f5a3ecdc53cbc80f709a381a51443cf44a3077424a9c2680cdabbc32b7c816ac997aa15c1f406c42536da505b35aa4ff921a4f0af7ac62d99a4c3078c6666e145434b1dd93c03f53989dea924ded3445f334a9b816f98cff0cf4e9f46864a34071f69c29ceb137f99b731fbfc597c360714a6093f885e4baffc957b3df1f7080d8a21c8a6fc64e6e106f7bd1c94ae555f9bf3e3777afef8959ee1ffb5d504386a96d2c714e0941e4eec436c224254e18b5d56ae98f6eda699b9e933f1d9f6d55662b1e54d878fd2fbc3e19393310b0428a8cf3c3cf59a92bb66cefac4fc53f8680ad33cee4e7d2adf3d57fa3205f3e7cf17e96fbdf5164445872804c68c1923d281810307ce9933a7bebe1ec2478f1ea5f9e4de53110694190190aa274f9e84cc96ea53f9d69115e2739af3e6cdbb7a55dc08dc404d4dcd82050b40fb2a25bffefaeb999999f2e4c688be4f4555b3fa64ac589b9ea656ab7ff9ab5ff573ede7ebe9817d9f5e03faba790e7a76d684658b9d4316382f59d855b19005bdc3839e58bbea89b5ab47ae035b03815bd8e3eb20e79a2732d39e589b3a2673f5a875ab1fdbb866d8ba3523d7ae9e9910bfe522f77d3e1a80f212d628a884e05f8f324d4e95369e3f3354b34815f80f5b75807d24e8ce6047355d76d72c06e9d93721147b3d75f89090f26090959abc7b93eff59c9807e2120b9c9993317d739a7f6ec6e43cba0a0f7a14d567e6c4ac94091be23edeb2e1ec75bcb8842b8f2f2a5014340cd0e01f9428aa104832bfd58879f841970667308877b697555e79f38baf7b04fc5bb5025fda60ab0ec427e722826dd4705a05e7f68b1cd4017e396b67e5af9f85bd92a03ed7588bc59635d49a2960283db3339f82c32737654a1e7685fae7a43c931a9374e880f92864ee9a16509fa0d59457b8bffbeebb4a22d0a14387f0f07031c9c3c34379f9d16bafbd26b2816a3c441c3c781086b367cf16e98095fa14c274d6ac595b9b62ca942962ae51a3462525256d33f3dd77df4d9830414c02442110707272f2f7f7fffefbef21cff6eddb610885bcfffefbfdfaf5b3ccd6765fda641e0ce4aa466f301c3e72f8f8b1a3c5478f161f3b76f0d8b1c2d3a78acacb769695eeb2b2f2b2a2aacaa2eaaabd35d5302caaba8555165657e0b0aaaaa0ba6a5f55e5beaa8a829aaadd5595bbaaab0e56945fa13337e6d1059b6a1ce9f143a37ad15328d85e76e9edb484ce81ff5285fcc75e1b60838fbd2f740cfbca23217c922e636a9efcfe4ebaec8e76eff77d4ec367dba9281d3e8134031f3f42d109d273427eea94bccca9d9e993d725cdde90bcecc0ee537574839cc968c43766926ea6fe4e34597de22bd9280faa4f39cc3cf4a027802bc0e9069e71945caf7d3136da26f0bf2aadb8e6be08356844881da84ff522dbf00503d2e3a6e7ad9b959df15476ea4c1da8c056bef2ae4b9d0aea5327abcf59789b29a84f48497f2a27fd99f48488e2a37ceb67b36901f5e9e0e0b06edd3a91feb39ffd0c5240ba81f41402eef3cf3f17933c3d3d3ff8e003111e3b762ccdaafad5af7e2552043ff9c94f443aa0a84ff1c251128472e76593dc3a83980443583191720b946ca1a1a1b00256d761994716033e790ced66ebf98355c9ca252900160c82835df1e1075b6439688e58ec76f0837ac9809fb515a9e6a9d592a4d95ff0644cb82af09faa882f6c22fe3370cdf269f84d4b7ccb263d124402112463debdaa4fd1878a858b4fbae7644ccd4e03198a0bc2977ea74ddeb4ea07eb923ff92ee7db4be7aed307d3eb406400f80d000318aa4fba8d005d1a0e28f12bccbf85795490f7b8815edc2b1d934c5357c6a88216a8b4cb541121f4c05c904a1d68a70eb05ff6f5c0f49829dfae9f968b5fbc7c3a1bd5e1947c7a1bbc95646c4993fb3ee98d4b99f8e0515e8a7f7e8a7f6eda5339f8cef9df6ccd3f57277f5085b95b5ae6cafb7befbd27d245a7a6223d070f1e5c52522226797b7bfffef7bf17e1dffce637349f6ace9c3905050527e8bd9ec09b6fbe29d201509f225d3c5fdf3658ea5708a7a6a68a1563186c3885f8a3a61374282800eccbc10791b10125446d2a1b7e2f05fb78286c0edcd2eab168f99a2a8c406ec2c25084eab94be89141b8828c8834c431082e22949b3c013c442f3bcdfe6b573fc8dbe0ab593824297c467ee6d4bc8c295b3227e3eb39f1ddf2e2b23bf65cde20289b63f47e25f190fb245dfa847c549f3337a6cc5a1df75e4e66d289c395f4120958537aba08fdd8480fb91bf058c0f5a555c651c3af6948651e7e1a1c80c6474c7aff552b6c02fea38a08556997aa34c178dfa726d03e3c60f8dae499df6d989697363d2f7d4676eaac1cd09d1953f3d2e154e706c9d882962a3edd09cb9a4e5f4e9a9ab766ba6e0da8cf19ba4c38a05e5c9b7cb0527edc99b95b9aa93ea74e9d2a2711cac3402b57ae747070801421e3fcfcfc44faeeddbbbb75ebf6d4534f892f1281aca4f9645e7df555914ddc362a00f5595c8c1fb33a7dfab4e58beb5b153b3b3b39a452858585c1d21fe48e4faec5ef12d8608add004940029a546a44eb4dd0ba421a0844ea8a12f2d25264826284a86262aa08dc18c62a98842dfe8934bc1c890d3319263dd0e0fa37e3373ce83ffbae11bb5afed94a84e2e6318c845bc01f5ebac6307e9713a780f314949507ecdef16266d2e4cd491336af9c9a933e35175fc3491f28c21b40ad75e4ddd8547cc552c624d0b5f4412328705a6ec693ba14bfec64ff75096f6e480fdfb7f7d8b5ebf27a8247e39ac2ea91f684300c482a8b0c30841516575ed1db45d27d4659bb46dcc57a596715053659c02dd2054d4e15dc62d26d26b61360a7c3dec77f5adba39261fa4a8d5de0bf5511cb549a50953a047b40972dec1bab99f1dde619e0bdd9292407f17e0f7f5de674b0567fdf270a50a13e41ec4ec95b3353b7669a2e6d4a5e269c713dbf69cdc1aa4a5c75e6eeb98dfa04d5286b3142519fefbcf3ce103303070e9c356b96f2aec449932689cccecece5959599062341a95cecef4f47448a9ababfbef7fffab7cc35379345ef47d0ae50a2a56a84fe0f2e5cbe2fe4e17171750ba22dc0ce85e50bcc55384454061c3860db05c50c01016cfe6b76be070554c1e9b0f621ca030c27e338cc2108ff1c688c446e99044858820351172366ce5041431032139223228392d27984338c66b6c14b5588a050d99cda186413ba061dd6860b15af4ab455c4915298a096e111658245a4e6f27d02ac1807c03f736ca0afadebabcdf29406161f200472440d025c1c7d0cdc859e432a800089390279780018e215a8f532c4a6b1c847f1183219442715462000c686cce05e9d0da51ee8703f9a7c85b80369b92785592769497fe67c796d737ad9ab62ece6f73929f2e65b22e7366d6ba59d999d3a01dc5f7259176c4de500c509f287eb568aaf9954c90222eb2cfc8499b86dfccc4477da7e6a54cc1c7ded74d86f6589739293bc56f7dfcac4d89ef6c5e13b56ff7d1caca7a8b35934318a01dd014902af6b6fc0bda045a355a25582aae98debc7e18c6cb0ec229450a5ee830d6d1c33164622e312376e49a67a4ce0a914e678ef40706e17aa890e93c01e3b212c79984f05672522afe636692eeb0622289aa73307979b01a30094a96dd5ea4cb7a0e57405e427b065615d6d2bc35a5e392d17fd50a55e0bf6d34c1369a105b4d902a7461674dd0a88d29d3f2f1f3b033f07397e0b7e9d3e86ee6a9a047517db6a281e7930c05f599e18f92578e4ea52f7e3db729e54035abcf667277ea73d9b26590084718ddc08340b4acacccd1d1118423cd81d1fffce73f1f7ffc717e7ebe483979f264cf9e3d4509c3870f1789404545c51ffff8c7dffef6b7b1b1b122e5edb7df863c37aa4f052f2f2f28598eb434d7ae5d83e5fef5af7f95e3ed1cd8f68ac9633a86e514a8dda0b117d3e4a4c688c446e91417293014738b803959ae2fcc40a29c2e32505c09100d211c931ac000d4ef22a0549172dc1c8372f0e7c8517332737f81dd207b030c68ffd07ea29a00ffa1bd34501aed304c11b388fd4ced21fe518b0b05601994dcd0809adb4cf233988ef738e098262354a88cf01048a0592dd4272e911a6679a2399d9af3871dd8012075881a493a78fd6afc91bdffdaf5ddfcb5ab66ad4d9ab279b55fd6aa27735326e76357e864ec165deb9f238cbef98eca125bd669b96ba7e5664ecf593b233b139b5ec80902342f6db22e65524eeaf8cd2913b356cfca4cfce9a6b4c57bb6a69c3c7cc668901f8bc37dd2de3733f985d957706dd1cd68a5610cce291c4ee402c39edb3aca2dab4fca4ad9f0ada5b4b9b110b90c312365a38260506794ea2dd5a79c15d527cc0d419884e540569a822d2cdd6041a213ff4958420204a960b96c2c428fb352ba48a27fb9b0760efc40d83274f108d4a7346d558c2af83f36f4a13855d8a2ceeac56336af99f6cdba697919d375e9f80659b2e939f830103d1294ea9fdb069642d628714a6eca0f36ae3ac07d9fcde5eeaebc2bdf3ab2a257af5e30f557bffad58d1f31cac8c8b0bc6e2e1e365fbf7ebd78bbbb25172e5c983b77ae9cafb1faa4c60df1f0f0f8f5af7f2dc22dcec58b1761b92088e5f80304d53b54d7c8a7be56c8d32d420d29008644add63001a28d3298230d899650061c9873ca03f3dd8ee614517b4210c5078cc4241a91741061cc40f36158a42ac530f719f33e813d483b4880016c0e658147edab49dcc62a72514e7300d5278ceb70bf621b096179128e6008f3e03fdded6ae90b10b268837184e563485e3a05311dc718828092e501698fef15d8747ad872b26e175c97a4bd65655147f7ff387bd5eb5bd2e76c5e33353566eabaa4c91bd74cc9c998949b394987362537732a5ac6245dc6445de6c4bc7513f3d64ed441868c69d9e95337ac9a9a91343d2df1d5ac8c9fe466fc5c97b1e6ecc923950dad2f6e70da39ed1f5c557406720e5ce147c0311e7ce85343681010cf03814dcd6f08dc79d832514495c01d8627e5af7976d32aeefb6c3677a73e5f7bed35b55a1d1e1e2e868046a3090808e8d2a58bc83062c4889090109101f8f39fff2cd24577a6180a66cd9a25f200903f3838d8d3d353795c0960f579173454a074995249c1ed266a5525a00029d018c3508ed08cd05cc92d56a319442eca24072c627248cc6f4e552651638425c9c9f22a35569f8d66352347ac9399fb0eed12abfd027b10c41fec44dcb3b8d7d115ebe97167ecd5a0e934873c099f42810974619dde240079682a0ec949446f132408d148624a74144111b0142c48944a60100ba1f9c5589e4a0ba298f84ae5430fd497700e204c3e02f5b46d6a25a9c260a8341af34e9e0cdff67d70c1ce5f7fb379567adcb4f5891337264dda903c757df2f4b5c933d7264e5f9788899b92fd36278ddf9438717dc233eb127fbbe3db057b7685ecda59585a76d5688472607fe0f2e89c00f6346a5e93f99af20380ec20b4be8f82633cf04c5f97347d7df20cb075b2cd5c972ca780eb92dd61d832514495c01d86a7ae4f7a3e2d9e9f3a6a36b7519f3b76ec105a1044a1a576bc915bbcc9484c822170db722ca71e3b764cac06abcf1b812da218d5a2d8c4405bded026e34683069b9a1dcb7f199cda3811c6301bb4231609e631ca0328904268d4f8cbcd0c0ca80e3760db434b175929278906bc2a24e6a31930833c9627c8d9498e5004d79f0ac2e407a7397bc8815d235f76b4d87f6240ba10c674aca20ec59d89ee449da09405f729185e73c43d4aa9e21224ee694c9113c9304efe40fbdf08e13a92b690170aa432098ce3589e179d90622255144579847389848719f87da0020d784917361c6e5dd878b059ea512bc246c04d00ff1002315a5277ed9bb327b75c389b7fe95cdea5735b2e9efbf602d9c5b3df5e3c970f06899730baf5e2b9f392e93af5581350381ea73000dd89ddd85828c4618f9bcf81db33e806783e03db417618a6ddf3cdc573df91fdefc2b9ef2fe010bcf47e19acccd60b67abea1f9173da96e736eaf3ecd9b38f3df698d082c0ad8563cb3266cc984b972e09ddc9eaf346608b0843c14723a354a7c74740a836c526185a04bcbe09d60036de728245ba9c0bda0cba3989a2280ce44c34961b1b7922bef492a4adbc749183a2383fcd8ce910c06cb45c0828796969a42e6016b17b1be2188159a05193233405e66318e636c01163a0776ad2e189effc8280117b3f4189ca06aacb7c7a70b7e0c10df3a29ac783140f51b9231a8f7d3c9bc0e3bdfd83150b6e1621c929ca30cd416ec098bbe436ea13387efcf8a851a37a1020ce9c9d9d45b805e9d5ab57cf9e3dc5e57b51fee4c993cf9f3f0f4bb7daafac3e05467c91247b3cc3304d823210d5271a012332390afa509c059a132dad092c532df2d369252e459428460f06f803502fd7d3833fca7662da33d83d41f6c0b81973736eaf3e819a9a9ab2b2b2ad5bb782384b494981706b10111101e5af5ab50ac2ca3349503f58ca2c509f1f7ef8a11c696960b93636360f86fa34194080ca118661184b84366c4a50411ab6dcd653459c26e2650ad9a83f5399865a8dd2497ec298d2e511767e8adb2f94d4f60faeb75ea84ffca14783e4b7050ade5f2f7259a7ab26051dc5e4f5efcbf186ac37c94988ec4aa1c4cd9648584e940bc224cb32ade30f3bb093141358a6dc17639acd1da94f417171311c055bb66c91e32dcdead5aba1fcdcdc5c1115ba13105181a7a7e7fbefbf7fa57528292901f5f9873ffc415e58fb05b60a5e5393630cc3308d114d2349458b38a588ae2391604e3607f1123a4c149da650f936d4bfe6a848a7ae42f34c581c28389815a6c919c54ced1765050d74e731ae73632d876251568398de5818cad2d09cb8fe7d0b75689d5306ca9bf4fefb56936fb6441169d095908f228df203d6f1871ee16f96dea5a4dc2f639acb6dd4a7a5fe3b78f020a8c3ecec6c116d295049e1151b29313111cadfb871a34814e96292c2e38f3feee8e8d8bba5e94388f746fde73fff9117d67e816d623019ebe518c3308c05a259441589011483a807b12697c37284a6d2d81af35433145212e9964f2136a91cf897f52afc917e8594f68dbc82b8ba7897026daac65a0ee5a288607a53eaf346ddd7544e8128cd7afacd96d848885a60bdd4a6d7e22106bd4dd97980d97fefa331cde58ed42700e1c3870fb792fa14e527252541f91b366c10e900a45b09d00913268827e85b09070787f6f96d77dc408aa3e376d1e3a3c30cd3c660b32843ada345bc0173bb896d630316ad64e3090dedac55faa3d5b0b630505dc83506d41468e6a7fe493aca7a4b3139bb8834cc2a426282126e1880dec4c79be855e106100290eb01ab95f0a78b07b0c02cb51cb9a2ec9818be410b0a5fb5f2d0267322666169b908c0324a058a996f5a8cd5ec37c41f7a2cbc134f7da80ffefe1ad36ceee8cabb5087870e1d82a3adc5d52720f465424202942ffa3e15c4a215ce9d3b77a2152829299143274e5cbd7a555e583b0236027527d0991ec695ad62ad06805bd55096e7d48d854393951dc358809e64e13eb76e06c9bd1abc8ae635e76894dbc227319d1db1c5a19ac33c86ba43a93d6ee0a6536e3e8114801005f87ff3b2db19625d7175f1fd5054bd928f9ab1f0e646e9964e6dae4295bc37c969e1ef164139a6d0906c594d37c2aa7cc262451f7e1e18f7626e4fbb509fa27cd1f769a53e1902fb18a8d100838a1edf6384505d64aea51add7b64592359c62dab35082bd91a95c4304d62ed5916dccae9cc34385fe3a90d8e88e9ec854c5b403a060726529f18b270cb46faef366e8993e5f99ace6951eecd23565573d30b6c3433601d67980787dbab4f908696ea332b2b4b496c118cf4c9782893d5e7cdc1bbac5070e20d55f45ca978e4a8e9bae756359455156791eda6151ec39841576abab3c5cae99af64cc5e32c275399b2e761989d90690b1ad4279ed8531364ed9696e15bbaa592a1c99c9868c5cd96620edfac36b6cc8358c719e6c1e1aed5e777df7d27d25b9cb4b43428dff2be4fa611b013f0ddd10694a1f227ee44bd6655fddcaa86baa9fae46a8cb933d08590c6de62e53f18bdb1f554bc0f272b58cd664153ed2fc3b40c78b78090a058b35aab4fcbbab2096f86a4c63945ac899c165365c8cb1b4a6e6a89224fc314f3e21ae7bf31ce300f0e77ad3e351a4d418bb28780c0d75f7f0de5af5bb74e2c976904ec01aa2de9367f0834dcdc8f5516a25442547159619e6851bf615899e7861a92616e8555eb68dd0c36dd2a2a1e6731d9d22329ddbaf1669856a191faa45e502baf555c13d32da13c9689ca4c4de46ce4e0328d4a6e6a8948a3b2e44c56f96f8833cc83c31dddf72910eab3b5d9bd7bb7bcbc662184f2c388fcac008c487d6207a8255455897ae856359465f5866105aec298bb03ddaaa155b576ba5bb6b98d725b87ade76298d605db8c87b6dd6098f6ca6dd427f57bcac7654949c9d0a14307b50e83070f86e1d8b1632b2b2bc5e2ee1cb1920a72ea4305fc28030df19f9e40b2569f162db7b510b08c5ba94fcb6c0c736bc0911a1c063dc9c27dac9d8e12ac3328f1c6b91bab52569f4c5b40352901d5a978a6936198b6e3f6ea53792a88a45deba22cebae30180ce29d4dcd2ea1dd03bf8876011afc3cfab5d456376ec245ac71d3de38ceea93b907d095cc34f61d6ba723d0db146ee69280e29596e523ec9f4c6b21d7a980d124bff2936198b6e3eed4a7486cb7c01a0ae4f84306dea724579878b68ee326d580b510b08cb3fa64188651d427d5a950b7365c4d8210d6ae7881095f32027f10d5e3693fce504f5f15a5d79c8b59a837000d926b4d521d266323847d046426981752459918c7b9608a1ee6a9a70fcdcb8b92f363f9f5746bbfc86ec23792d6411ecc826b415f06a59504a359a08d9657900a6f0a98208c61da077774e51d1061d1c5d8b24099cb972f0f0b0b53abd5e1cd0566d7e974a2b4d658c9fb0b6c7dfc4972dd81af5b826a08ced619866198e620da343156c008be3c1ff41f2a3dcc802290741ee5459d48ca13dfd3246a65391d1b48faa61429514ac434d90ca835a10c79262cc4ac583141cc0f41cc8d73839614a5e0247ccf09deee2fcf8a42130b8052210384283b2e19a234c242685e0b7009640cd33eb8d3a78e4882b68ae77ef2c92772e7ddbdd1a54b1721401f3ea07e11e7c154adc059711dee0caab418866198bb072a54107016ad1a84d0a0aed5cb6f54c62c10842854c2a0eaeab12e46b907b5af01b524cd42fa0f8d442a80ea106715d36866eafac4d7da53569c17730a8d2866c681f99a16ce22fa582907a9569a00312859ac364c103294265202ce87b3e072488452c956c630ed833b559fadc7942953faf5ebf7d65b6fbdd95c605e37373710a0fefefea24c146784f161b90d54fe0d38e22a84b97f90eb51cb27634eb04c5380a426522d9261042d2645f03815265af3db21f29a11314ca0110ca0148a507b4feb876386b905e42ae42d4a1047346e182863816580c2f258fe974d0961f826dea864681c56d2ac314f334f94e334929318a6bd72ffd5e7c4891367cf9e2d479acbfcf9f3450fe8dffffe7739090e40428e300cc3300cc330ed80fbaf3e274d9af4ecb3cf4240dcafd93cbdf8d24b2f09f5097cfae9a72251a84f404419866118866198fbcefd579f93274f7eeeb9e744b8d917ca5f7cf145d09db6b6b642802a3da00fcd9577866118866198878376d1f7a9a8cf662b45a13e011b1b1b11f8fcf3cfebebeb6112ab4f866118866198f643bbb8eff3073ff8811c692e427d82f454d427505c5c2ca60a010a4356a20cc3300cc330f797874d7d8aa1e099679ea9a8a880a94277024642ccc2300cc3300cc3b43d0fa7fa5486d3a74f5704a8180a6826866118866118a6ad79c8d52700859f3b774e6493b527ab4f866118866198fbc443a23e67cd9a25b466932c5cb810f2f0f3ef0cc3300cc330f79d87447d7ef4d147236f829d9d1d4c853ca2d71310b3300cc3300cc3306dcffd519f200195a77f5ae48d4b370396d2ab57af1ffde84722cad2936118866118e6fe72dffa3eb11392b4e0e4c9939f7ffe79abc496c2603008f5298a6dd9c219866118866198bbe53ea84fa5d75368c1499326892bef283ca94f5404ee05e516cffafa7a509fafbffe3a2e8fd527c3300cc330ccfde63ea84f2b09e8efef3f7bf66c39d20af4eeddfb9d77de91232c40198661188661ee2bf7edcafbb163c7c2890103063cf6d8636ab55a445b04511a0c4343433b77ee3c61c204917efdfa7579f10cc3300cc330ccfde0fea8cf43870e0d1e3c587e1f521bf2da6bafd5d4d4c82bc1300cc3300cc3b439f7477d3efbecb3420e2aef845750526c6d6d217c63068198aa0c45409e7603580a01e12fbffc525e09866118866118a6cdb93fea73dab4694217826a747070e84174e9d245084421250108886c3035282868d5aa5509090913274eecdcb9b3481739956c8e8e8e90f399679e819cab57af068d0b513b3b3bcb3c9f7ffeb9bc120cc3300cc3304c9b737fd4a7bfbf3f08411085309c3469d2f9f3e7cbcaca56ac58211285581453870c19f2873ffc01a6ca734a525d5ddd810307205d2941f0e28b2f6edebcb9a2a2c2f2b9a24b972e797979c154a5c0bffffdeff234866118866118a6cdb93fea73faf4e92004851c04252a12d3d2d2200a284ab167cf9efbf7ef17536b6b6b6b6a6aae5cb922a2252525a3468d12f981cf3efb4ca4032227003a15a28a4e1565b2fa641886611886b98fdc4ff529983a75aa9089ab56ad1229427d02e20b99c0a953a7c68d1be74abcfbeebb1515159058585828f2c3a4ab57af8a9c5f7ffd35e4e967064a183870a0c826d4e7dffef63791936118866118e60eb8f37735424e93640233e290b909ed427dd6d7d743a2a23e854c747070387bf62ca41f3f7e7cd8b061629260e7ce9d907efdfaf5d75f7f1da221212158a8248586868a0cb780fb3e19866118e60180849cb5b5250d0b359235b10a0d59440c75a7483088599826698fea53606f6f0fba13d2f3f2f2448af2e4d0f2e5cba91849a3d138393955575743f8e2c58b63c68c81a976767693264d824508468e1c29e612b0fa6418866198f60f2838906f666127309a248351d21ba47a185a4f6c15849414ea139608662089699e822a13d361c514e1d93091b909edb7eff3e9a79f16d7d3fff7bfff8974e57ed07efdfa89cf752e5ebcb843870eb5b5b5108e898911d99c9d9dabaaaa2045b06ddb36912e60f5c9300cc330ed1fa3042d3d9a09cdace850f9194d785dbbd57b161b44a41cc245d372c1c49a58248a287367b45ff5397bf66c713fa8a23ec5bb9320306dda348301ce36a4c0c040509fe20b46717171225bd7ae5df57a381191d9b2658b4817b0fa6418866198f60f894e3473d7a3507b6414436b4d94a55184966e5e118cc2484ca3a06c0225c0dc84f6ab3e6d6d6d8f1d3b06e98afa14e9c0c68d1ba91829383858e9fb3c7efcf8a0418360aa9393d3fffddffffde31fff100f27e5e7e78bb904ac3e19866118a6fd63169b66616711337736b62ee66582ded44b120815839204d63020654a86e2542866b1867241cc0ddc7ff53965ca14211f95ce4b85d2d25248bf7af5ea6bafbd2627a9549d3a75dabb772fa45755550d1932042469444404162a497ffef39fe54cc4a953a72091d527c3300cc33c7088ee4561228c17bd31dd6832d59bdae2be4f281fefe92433880789e8c653835e321884bc146a53e84e58315a255a533d6413a53037d22efa3e85fa2c2a2afa2bf1e9a79fc2f0f1c71fffcf7ffe23f2eb74baf1e3c743e6ae5dbb6edebc5924ae5cb95294f0d8638f9d39730652a09c2fbffc52bce0d3d6d6f6e4c99390c8ea93611886611e384ca0e68c28e848d619e40e4548c50906c9d4dada4e484ff33346b83e30064d890f3c19686500529f746f2ae44123e5296631cfc8dc483bbaf26ec56f7ef31b98aabc4da9b4b474dbb66d070e1c10d1f3e7cffbf9f9891200c8a67c0f0994e8d6ad5bb76fdf2e446d4141819c8960f5c9300cc3300f00b29203fd572f99a041af83000a4f5992cab95a134553ca035cb2490f438c800225712a2b4f1ae20a431ae851ec27a57999a6b8ffea13c2726a6384fa043efffc73d09a722a111b1babbc431eb021c68c19131e1e2ee730b36bd7ae0f3ef840ce47b0fa6418866198070abae24e1a0f2326f3fb8d28b515911708c0d2e4ced7867b3b4d7a49ba2e49d7240995b1f98d4b9813678588586ba629ee8ffa9c366d1a0841908c30ecd6ad1b4441830afcfdfd45c0dddd5d6400860d1b2612054a3aaa4e424481c99327cb9988be7dfbca13ccb0fa6418866198f6cf39a3694f65cdeeeaabdbaaaf7d5f737d7bcdb582ca2b27afd5ca82b0411ab61af2224050d6a3f46c109495faba3df5b5d986eb69c6d2e586f20843ed4a7d5db6a1ae4892f0858f908dfa6c518f8a19182bee8ffa04890942d05235de8c9be58174f1f279d49e77508ec25ffef21779251886611886b94fa032a33b276fbc467df8ea75edfeb3bfd0154fd0e64d88fedfd8a8efc747eff08bde3e56ab9b93b223a0f0e48eb21a8b8e45bccedd707be65d0065e86928801268ad708d94a220b10e1f78a769202e8dfa6fea2e2e2edffbc6a5dd33ab774fb9b2736c4dc1c88aa2b1a5bb6756ee7bf3fab97fd75dd9284915f0b3f4726f288c600df578859e0a944d8c1f55ee8ffadcb46953c78e1d653dd8868c1c39f2e8d1a3f24a300cc3300c739fa04776f0164aba8c8edd852003af4a52d2be532facded945b3bb67ccd13e89c5bd928ef64d38da3feeb86b5c718fe4e22ec987bb456c9f14bffb5fba431751da014683545f271efca104148f77a4ed407a82b2c40be5941bd788f422a4809a156b87cfd7a342c512cf555f08addeff4ced3657e3ee9e86829ec63d3d0c85cefaa24efac2ce18deddf5da8e6e55457e35a7bf32180fa16cc522a57a93416faaa5e7a644f9a26fd442f73e7adc07f549fb42cacccc7cf3cd37df7aeb2d171797fefdfb8b3000817b442904026fbcf146870e1d7c7c7c448af874a758018661188661ee1ba0f140fe61e723684f18992e99a4bf7e5f3258b3c325aaa8cfaa6297a4537d934ef6492e76493ede3fb1c42de1944bd2995ec9275d561eeb17b3d753fdbff7730f9ca845ed6832e90df87012e93993c120d591cc138bb9399819c7a87e21025191828910aa8772f1c38a5492c978f4ea857fd6ec1aaadfddddb0af53fdfe0ec6c2ce52613763a1b3a1a8b3a1b09b04d1822ec6dd5d8c45dd2a76f7ab38f23363fd3e9c0f8b86b1017f26fd68305c02168ae34793b6569fa0fcacc4dfd4a95367cf9e2d475a81debd7bfff4a73f95234dad00c3300cc3306d0cbe0f13b51d5e3407b577c628fdf6db93fd34fbfac49fe99b78ca35e9a46be209d7c41297a4e32ec9c75c138b417dbac79f718f3f0d89bd561debb5eaa88ba6e0cd4d478bae639b6e1689f0af37a1fac49ed4db808b158a53f44842008a11b295a64119548ac9b8a7fae4cfabf778990a7a98f674a92fea58b7afa37e6f67636157509f46509f455da4c22ed2eeeed2ee9ed26ed0a3ceb53bfb5f3bf4b6c90002941e943789ebf0581e0a6d2cd522f8e8711ffa3ee14c025054e0a449937ef0831f4040445b04284a7c8a53afd7f7e8d1e3f5d75f17e962b922cc300cc330ccfda21e5fa4044d753d48b09346e977df1c7753ef724938d53be18c6be2997e89a7fa82fa4c2a7125f5d927f93844fb279c768f3ddd3ff14c8fd527baad39e50a22555bf8dafac37beb947b2a8560440979478d3d6492b38b08be40094d88579c64908c4535a7debfb2c7d554d0d1b4a787b1b0a7716fd7fa02509f5d8c852040bb80fa34167500256a2ae86dd8d3532ae82eedea21edea5cbfb36fc5b1f78d2840e9ddf8503c962c16008b84b0dc0dfa08727feefb04507b926f80fa7cfef9e72d53ee1d2807842604eaebeb7bf6ecf9da6baf29e92db50886611886619a0b34c606bac3523a2f491f7e73ba5f6461df84a3aec9c75d138ef74fc22ecfdec927fa26830045f5d96bd5f19e2b4bfa249dec9f70ca2de1b46bd2a9dec9275d315aec1251f0a34d470e5dc7461f5424942842b8845b4293610ed085f8154d98cb3c235e2da76e49108d7bae9df845cdee7ea6026769770f53414f53510f032ace2e5211a8cf4ea6a2ce5261175361276361f7fa829efaa26ef57b3bea0b9d25c859d0bd6677efd2c3bf321a0fa200c5f501c98d779a92c87da4b96fea5361e2c489cf3df79c1c6969f47abd95fa14018661188661ee1fb250bc22497ff9df2937cdfede09275df016cf63ae49475d930ef75d79b84ff2099724549f7d938ff55e79ace7aae3bd56822a2d714b38e11e5fd23fa1c43509e42948d2e3ae9120400f1dd793a2c37e45d1b97827c02cb5243d616d6068349af4f88525ec998484ddb525bfbabacbdd50d0c958d4cd50d05bc2ae4d509c8ea6bd9da582aea0388d855da4c24e5241375361777d51e7bafd4eb5fb9deaf63aeb0b7b18214351872bbbfa500fe86154dbd8338b4a17252e2efdd1d524ed427d8a2befad01ab4f86611886697fa0faac3299febdfda45bf86ed784137d124ff54d3a05e2d225a918eff54413b77e42f4589fe4637d561e03190af2b45f5271bf44b4be49277a2597f45d0d331e7789dcf3d3ac2347e91e5028db20818abc6d8b8f2213f4e0ffb777e6f15195f7fe9f4c16f625640f9015dc9564f604da6aed7df5f6deb6af6e6aadf676fbd5da2a2ebd6d9399c1feeeedaf8b540888a010c89ecc4c26901510b361abdeba00994c280ad9175ab5b60a0625b39cf3fb7e9f3309c90450a177c4573e6f9e9c79ce73ce79ce73ec1f7dbfbecf16b88fadd337267984c3fa64ef114fdf8f460f2df7762e908ecef277cdf5b817793b174bae85ac9b9df328e3eb5cec732fe0119f64a51db1922bdae79eeb3d3acbdb35c7cb9151ba9352d49957e24ef53c2049628ebe62b6fcbac0dfcce4cab24fb2c37fae20c23e010000802b93ca13af273e7528d64ea2d99de4188cb7ff35de311ce7188a730c27d88713ed13f6c93e9ae8e8a144f649893434c6d91feb24efa43b87129c83f1d5bdb1451d7737f7bcfcf628c99d4fa48b4316e8e34e70e180a2c3de2ff3c6df92fcbeec7b71ace7deb38753fdae7952d7625fe71c7fe73c9f7bd158d762af7b91444e49e59d0b7c9da49b8bd832c93e8fc4c9476265d762893be2c57850d762bf2b86ee945d11670e5df5fe3f768bfe7736637ea592662ab04f00000000849abfbc77f63f1abba2cb7a63760f243a8e2f25cbb49f8c738cc4550fc55593838ec473cf7b7fa27d3c39fa3809198dabee5f5233b0d8d9b7d436bcac7238de4126da1be7e88b2d3b6ab41fda3bfcd687994c4e92eae74e702fc74003ba4af2e9397be6e068f71d634752a4238be44e32c8c5de0e31e253b8a6a76baeb76b0ef9a5ec5ae4772d1102ba90a71cb1742e903b16cb1d3172473469285df5742e913a16c8aeb9675f8e3dfdda5db2cf45ade2b6d18f92662a1fbf7d1a8dc6ffd51597626262eeb8e30e250ffb04000000ae040ebe357ac3f63fc5db8797380712ab5f4bb69f48700c26d9fb93ed6499bda4983135bd714ed2cd8144fb205d8aab1ee44948e3a7098e8124475fb28deeec1771d0de04fb409c6d38b6bcdbe838b26ff8adc06b2e0e49017785b3758a58e9fb9e338defb8bff0dee1048e5cbae79359fa5c423d5d8b249718e2d9290ad94aa3c57c233ef574cdf374cd166b3071391d7deef91ef73c8f7bb1af7389cf35d7eb8e1a3bb2dcf30f7be09dbc2c941ff6f97172ebadb76666665a05168192ffa760369be7cc9973f7dd77075e2604140e0a0000007c8c7865f967cff72f2deb8ab50fc639fe9264ef63fbacee4d74f4935026dbb97b9d8432beba8f2c9352bc6320ae9a13cf43b2078ec9b63e1250ba27d6d91fefec4fa212c7c958fb704cf9b15cfb91a69177022ff3b3f129ff381f28f0ca122f512f3ac2d93e25f9acefccd3678e7cdef74abcdcb9d0eb5ee0eb52447391985db45076cfe329473cd96811873c3ba3a5ce79649f74c9db35dfcb31d105e2e645fc949b4bc84a292f1e9fe77b65eed85facb2fc379e532f66368906cd503e7efbbcf9e69b03fb60feafb16edd3a7a91e29d84f25e000000007c2c8cc9f2971bbae6571c8f770c26d8ffbad4369c6cef8ee7753d07954e7631fde823a7c4ea81787b5f62f5e0a2f21346877bfff0dfd936e9fff6259ecace0220c473dc3e79274d8e79f24def7bde6b7ea7f3f3de9713e4c30b2577f418ab279be525270e7f76cdf1bbe78a51a1b1fe8e85ff38f625aff779766fd102d8e7c7497979b955443d9568e5ff06cf3f4fff6333586d1e000000f8d821fbfcdabed7165474b332da47926c83898e807d7209db27673e5222f5a41427fae213aa079794bf6a7074348b2e789fdf37c6db0d9185b26bb207880c4b018ba03436baffef5d9f3dd399e8f9f33c3fc738792925bf18d079c9c9e75ec453945c8b7830a86be1987bfedf5cb77ac79e152fe6f7cf641df9f8ed333488a067804011000000003e0e847d1e5f58d19de8e8153de9bca8276f68c42bcc53495fb28de7bc4f96cb0f99c6c39f0331d583d1a5c7bed2d0d5cdcb6b7a3dd2f872a01cf51461471202de9846927d2f9fedbeebeca1684fd782b13f2fa4a3e452d6905f1024941f312df6bb6229238b7adeef9af78f8ecff9ce1ee47e7e89879b8a3eff19caccb24fc43e010000808f1dc53ee757f42a4b29917a9274c657f7c557f75326c1de7f69f649de792e5f3d14671f585ad4f5fd96ee136c9eec9b628f214a3e7650dede68ccefed383bf0e3b143e972c762bf7b81c7bd98a70ab916c8ae857247904d7ed4c493e2fd3c3694d2a2b3eee8778e907db6d3aba9293e494c3c9aa9cc08fb54d453c9283b7002000000e0e382ed73ef6b649f22d8a9d867bf58e09304b4278ef3c31fb5f35d0979524639f27af5f61ede2f7e97fb3b2d278639022acc937fc5424bd40a9ffb4cffdad1c319fec3b172479cd4315772cdf7b9a37dee1889574de2b53c2f2fcdf3b9e7fa79a6fc025f67dcdf0fffab6fec0f2c23dc8a191d0e9b29b14f000000005c217864f9f67a5774d9f125cec158675f1c2f233f986c1b4eb6f5c7397ba884d790e7d9ee53fcf223a69e04c7f1041e543ab074e72bf73e7b62684cc4a102914f59f2779d197af8cc9174bf6bb1ec22f58c915db365f72c3f99a22bfa32077d52f2b1c8cef31d5de8e5e5e8e7780fcf7ff7c477fdde63dc0689d28c8e85c13e010000001052c8bc0a8ebe995aea8e710cc43807e2ab0792ec436c9ff671fb0c56c98f9ce2798dfaa164fbc964db4092ad276157d7b7dbfb8f4f289fffd8bb430fbfdd91eaed5828f3f6454bc4fa9df324f71cb24fb160e75c3f6f5914ec941f29f9dc8bc7baa2e92877ce7deff09cb36ffe4e964745f075220a3b43817d0200000020d4bcf8cea866c71f12ed3d71cec1387b6f924308a8bd2fced9fbcfb14fde1289ea1c49740cc6d50c2ca91e8c293efabdf6be11ee827fedece083a31d19deceb9fea30b7dbc84e702bf9ba493578f67f5ec8c110e7a592b2ef1c29fae684fe7129f88839eeabc766cb44e114eee73a7dc0c8e7ec23e01000000106a4e7b3c3f6f3f1a57ec126bc8f3e646f10e1ef71927e61e2589dd358384f223a5f89a134b9cc7e26dbc4952f46eb176bd7d207167d783cfb9fbde2879a7f306b9639edcb970ac6b9e872d935c732ee9a6ec5a20b9a2fdae583a4ac136f9d19290ce45fe4e9e7874f670ece9fe07657990239e6ca05e9e6e8fd82700000000402869ffdbe8b59547a22b8e25f284f7de58275923efe19ee018586a0bb2cf4b8886f624397b93aa780fa404f24ec748325568eb595ef2a71feead3876ec4e9f3b99d7f5e435e11778797e7a34cf52ef5cc4dbb577ce137b1a7d8444aa3add56b92af75cbf6bf6992337fade6b96658f5f99762f7b249ef93473817d0200000020e448f27bb25cdef7fa75252fc457bd1ae3ec8b730e249120da9520e86022efa2c9cb3091478a55997a45f970926d90f7e1ac3911534357495279d7cd89ad389553de8a933782ef4daeea4d740cc63a46e2ecc3c955ddc9bcb1e7504ac91f1e3cb0ed78f7dd3e771c0922a92709a8df3d57722df2f084f745b26ba197877e5e7ccefb029f7baecfcd634365173db248ee206de590275d62ef742d948fccf3bbe7bc7d38f3dd91df48d21b3ed9cf0bcd937db284cee019efb04f000000007c0cf8390a4826e6e8fdeb35452f2da922bf246524d71c88af1e8c77f471e73b8730a9b03729b026e84082b0cf4447779cf378cc6e659d26d2cdc10407f7b0730de2946a88735025834962cb785258de41dede9b601f8aaf3e1967ef49af78e181fd05afbd76bba7334922fb2489ec9a2dbb16f8784f7656491f6fe6fe61ec93c786d283ac9e2e9eaee4e5def6f9fe8e05fe230ba58ef9a75f59796ae4bf647944927d5ed947022aec33f0df60c602fb0400000040a8e18937bc02b78ff215dd6f5c5fdc115f7122964cd13998404e59dd936c1b4ab68d24da79d9f9647b9f1812da1feb1c104e3990cc014eee9d1f4fe4979478f9fa04475facb32fc63914e31c8975f624388f2db3bfbaccd69d60ef8fad1e8a73b2dac6db4ea4963cbf76ef8e81635f1beb4c12138f16cb9df3e423c2233be7f879f2fb07ce3a22dde40cf7d4f3d29e8bc63aa3fdee688f9b672f491dd16f1f4a3f3df4ff646944f6b2762a033d79a54ffe55be7d860640619f000000000835a2efd9234bef0b11956dc7ff7a4de1cb4995bdb1dc81de93c4bb160dc5560fc78a28260ba88d8efd714e32c88104fb50921204e505eafbc5a850ee9da79450ad043b7b639cfdd1350331cec138b17b276fe6e9e88f730cc53886485b97dbba97dafa324a9e7f60ef933d7ffeaab72bc9eb5ec2dde5629179c93dd7db15e855bf48925d24acf3e5ce0552470c6f92d4b598145672cd3feb8ef475cd79f7958c53c3bf92e541d9e7e36d3ec9395940e963953d3fe9a3619f0000000000a1c2cfebadfb7cb2c74bbfc2c1aa4ffcf5869d87e3cabb13ab87e3ed83b1d57d31353d22f5c689b5e897560d253a0648405928792724c53ec5f6484e4ef1ce1e9e6c64ef4b2679ade6e9f3e286e138c770ac931f8c71f4c750e58ee1645b6f92a337ce319051faa79f3ebdede8f13bc78ec6fbddb3fdee794a9fbb440efa41138fc470cff9927b9ec71d3dd6b5d8c7633d79eebce48e387d38edf4f07fc9f2107f257d1f7da8e463e1e60f0d18e70c154f01ec1300000000a1869d93f453ec7b44491133dbf1d7afdb7924aea23fd639185fdd9b587d22def95aacf38458019497a36701b5f72754f7c6395949b9f35d0c098d71f644d7f4c6f230d0fe655583cb6c3c8129d1d19764eb11e34447c4b4a4137135dd31cefe25f691789ea8d41defec8bb30f2e2d7de9c1a7b775bff675efd118c91d495a29b962e423b1bcf3fb34e39c9cc4f24c0bbcee059eae453eb732fa73bee49a7fe695d47787ac927cd2277b0393dce928fbbd22cbf0b7d2dfccf54fd82700000000428e32ee51c43d3d3c23272066953d6fac2c7e31b6ead5a5e485364a3d49d5dd71d5ddb13cff7d28c93694cc5ac9c619e7ec8f17f69950ddb3a4a66f897320de3eb494b7eb1ce6594764a27ca93781e7300d26f1eca51371ce1374678c7338c13142e61a5fd3bd849cd5d19f51fcca4ff7ed1c78f5df3d5d4962d1a5457ed712c91d1da49b41896ef3b9a3c73a17fb5d8bfc1df3a48e05f291e8f75e4a3b3df4dfb27c92becd237b7c8a62b27df2f69ebcc3a73865db5622a13312d82700000000428e629f2c605ebfecf5c87eaf10322aa83a317c4dd173f1e5bdf1f6bf26da4f26da0692ab7b629dbcc49258536930d1aecc2e12f38d2843265add97601f5c661b5e56399ce4185e50d3b768771f796782e364a27d38d9deb7ccd19fece84f72f625efee4dde4d4f8dc43b86129dbd89ceee24673fbd6245f1f30f3fbdbdfbf86d3e77fc59f7bcf78ecef57605ebe694e4e60ddccfba17fbdc3cd653cc739f77e6a515a343bf151dee67e9a38473d21f7d27253e211925cfe652fafc806fcf44609f0000000008397e964d111a6439a38ce87fe77e78b2b2d2137fb9a6e8a5d8aaded8eabfc4dbff926c23953c1e53d31d23165d4a70f0f648ac9e3ce588639f49f6fee4aaa1e42a0e7cc6d97a63783da6de843d27536a86aeab3aaaad78515ff62763d9cb6bb6b7ad595fb1fad7c59f7ab225b7fc157dd92bda9223d7d9ba526ae8e691d4d23ffeecc0a69e9edb7dc796c85d737d1d1f34e7ddbd800cd5e39eef754748eea8d197d347071e91e561f2699fe4f1d177d197f05c23b1cc277f1dffa32fe513fa13653313d82700000000420d59193959a0c3ddcfbdd06ca2d2599158424b5e1dba7ad71f636dbdf1d5af2fb50d25da4fc4f2a8cdc124db4812afe8c9338ae2abfb7978a8a3775955ff32fb505cf5f0921a12d3ee6b9caf6557765effd441edd6a6f4fb7f95f0d5efa57ee307195fffe18d5fb8ddf0a95b7272d7683eff956bbefabdb4afdebbf46b0f267dd79afd78c3caed6d598e8eaccaf6bc83db8ebe7adbd9ce9532ef7e145853e9bc49e255e5e77b5d73bc47679f39b47474d822c923b23c26493e9f4f0c29e020e7c4afc84e3a99c9c03e01000000106abc4a6f3441fe29e2815e5e0993ca3c925f844465b9fcc4c855bbfe1457debfd4369c64ef8d75521a22fb4cb6295bc30fc63a07a890ec73a9ad3fc13e10bd6720beaefb7ae7d1ab7fd3a0bff777377df64b2b8d6bae36adb94667bc4e63b851937393c694add56bf49a9bb459376835d7ea8c2b0dc6ebb539d71b72affedc17f4f7ff57e6238537963efbf59aca173a7e70e6d8b53e3759e684802a1965097adecd48722d943b16c947169f39947a6ae09732aba7df2f9de5ef50429bfc15f4c35fc6dfa3d8a728e779f0fcdf608602fb0400000040a809b819413f22375e22448d73ac7015af8d5c5df462624577bc83b7e28c730cc73b4612edfdc9f69e645b1f6f68c43b24f52457f52ddf339269ef5a5560bfea5b3f4a5ff3e595ab3ea5cbd618755abd5ea737e80d3a9d516f34e88d3a835e6bd0e9e9a0cf3618b2e992516b346ab55a5dd635d9d9a9865b967eedfe1bac4f7da7e2f1835d3f183db1d2ef5e28965e9ae7eb9c2375926e2e917813ceb9927bb67c649edc31ffd42b19a7877e29c9fd7e9e63c4cb2a05be447c8c80cec547298872717d52e10c03f609000000802b0e312e942721959e38b9a2e8a525b69e189ec6de97c0ba399854d5bb94975e1a8eab1ea1d3abab8f5fb7be3ef3bbbf48fef42d3768b273b2f5395aa39ed4f2c2e80c5abd4163d09a0cba5cad3e97727afd4d26ddaa9bb274cb4d5f48fef2f77fb6e581d7dc77bff7ea353ef7129f6b9e9f77305ae02713752df6b916783be7f85d734fbfb2e2d490559607a8bd5e1e4b20a2b64a127fe0bcc03e0100000070c5c1c3422531205496b7bff697f4a2c30995c797559f8877f4c43b0692ec4371f68138e7504af55096fdc455ff5d9262fa7cf64dabb24c59d92683499793a3350534f302688d3a125092d4d5d939065d8ec668ca366a75c66c935e9ba3d1696ed2afd27efa270f7cf1d523779c3d7ebdbf73a1cc93dce7fabbc83b178a2de097bc7d38f5d480459606c516ee01dbe46e776e349d04965702d3817d02000000e0ca43f249925fe2e93b3c1ab4e4d593d73cf57262557782b38f5789173b702edddd9fb5eb8f86077e95bee6668d36274767d41a5665e5dc986d34e8f5ab2f1efb14f6a9c9d169d668b4b91a1256b2551377d2937dea57e5e86ed46619aeb95efffd7b6eed7ae1567f4f06aba77b9eec5ae8e958e0ed5a74e695e5a706cdb2dcc74b4579fddce5ce1dee2c9d01659e1052300dd82700000000ae38583d39f64902ca9b0491c7951f3d99597438bef25842756fb47320654f9f765b73da57bf778d41a7d7ac326a734cda35395abdd190a5d3d3bf0f887d0a4840b3f5862c8321db48e2a935e975ab353aeeb4d71ab38d7a9356fb996b6fcabafb5bd776b57d5a3ebed22b36e1f475ce1d3d9472badf22cbbd2cc63ef2646a27473a856c068c13e27911609f00000000b8e25096c9f471129b71fad9efb6bd3a9256f4426c555f46cd48f6936de9fff6bd6bb3f4a48f249d26ed6aa336977bd029afd71849402f8a81f45497438e996dd2688c24a01a03f9a7364763c8d5e8730dfa1c12588d8192f1c6eb6ffa8fafa57635af964f5c25b9a2470fa59f1af8a924f7fbe431f2620ecc927cb27e7296a593fe5844e19f1704f609000000802b0d3f8f9b146ae7e101941e49f2d2f97bb2bce5b593ab2afe9cb5f9858c2f7cffdaec357abd51f4a21b4c5a834147ff0c62927b16a78b0aa8519b43b62ae61bd1d35a938e27c8d31f792bd5924b3983262b7795c6a031694d9a9baebbeb6bc97f7eda201dcd1d1d30fba53e8fec19e349ee62defaf8304f4a8179ec3cf213f67941609f00000000b8222195536ccecf6329fd923c264e9ffc9faef99fffce0a6d6e9681c76ee6ea347a834663ccd61bb2a9406b207fe4f9ec1f649f2cac2caf3a1399e66a8d8e04546bccca3665515506bd566bd0503288759a8c5abde6c6955ffce275cffde951597e9d6c98c39c22be29c67b06badda950cc7c17364ac5f0cf0b00fb04000000c015882498c80baf93e5e3ff78fb731b4be6de7e5fc6ea5b74069d51979dabcb366ab30cfa2c937e95419fbdca44ceb85aa7cb0968e6053072ef7cb6d6a0d5180c24ac06bd818c53af6701d5b2c85231b9acc6a833190ca61c9d66a55e1773db57739ef84debc849a5458a5fd23fd64d2ee183e88717403d2f0cec1300000000571a247762f3a3f153115f94bb4fbd6b5a5fae7af0c945d65d2977adbdda70332f1bafd71af5a4a1ba1cadd6a8d3ae3299b20d391f38ebc8a0d790aa6a0d1a1efa6934e8b8079faaa224aeea74469252ad26476722c7cd306a967dfbb6f8277ea7dab6e1ea1d4fb49c1c09344ad867a091f4cb49391157c005807d0200000020f408779bcca402faf591cad18f08242ac53d6f9f32ad2f51ad7d2adc628fcc2f5b92bf33fd9b0f65e6dc7c83c9986534690c26a3362747c34339f5862ca3fe2631a55d9149b2493ed2a95222328a6b5222ef24fd9c9444093d61d4994c5a53a66155cc77ef88dffa58d4ce4daa5d9b555b1f5bb163cbc191a1f1864d843b857d8a8028fdf164787001609f000000000831a469e3a14d452de987bc4d0c99e4319e3cd9485ce6ad2bd9ed8e9d7e37777d99eac16d6a6b65b8b97296d93127bf2a3e6fe7f2bb1ecac8b9355bf7291d6f599443eaa9d3e71874d9461dd9a79e6714e98d461dffe8b81f5d4b4967e0a358ef53915125eac9672cac9ce350a84eaf218dbd4e634afcce9d4bb63d1ab1eb71f50eb2cf0255c9e3aa2d8f5ef7d4e63f8808280ff9f4fb79506ae063c467f0774c7c1a0806f6090000008010c341c280adb17272a093f262d60ebb1be5e9b29f038864a1f2897fbcb3e67765aab55b55eb2ad4d68a59968aa8bcd2487365b8b524dabc63f95dff798de1667246adc1946530198c26835697c31bbb6b34069dd6c073e1855db2531a75c61c0d9f651bb57a1e36aacc942713d5927df26e47e266934e6bd2685718f571dffb66ecd6df45166f0edbb1399cd2ce02d5ae8daae2cd2ca0db371f38c9115011fdf42b6354a9d5bc4913fd8a2f02e705f6090000008050734e3d4938d93ed936c79445db954b3e9fec67f5ec7ef7cc9af515aa9f6c8dcaaf08b39647582a237e5134cbbc4bbdae5cb5ae947c74897957fa377f72550eefd54e0aa925e1d4e718f506a33e5bcf1389b8a79d039f06a341bb7a75f69a3559b9e4a1ec9c7a438ed638619f74ef6a5d4eaed698abd5e5eab557eb8cb1dfbe7d6ee1afc34a0bc2766c52ef785cbda3207247817a5781aaa8206c170be80dbbb63cf7e6ebfc19e3c14f3a70dbf993bcd0cf0b01fb0400000040c82131e32e755ed453481ac73d39171036bfec1ba39f9eb74f9b36d8546b7784e79747984b2238de591969298932178759cad48f54a92d651196d2c596a294bb7e929963d41a5791446a0cb962b34d2d79a5915760d2ea0c59dce7aecbc9d17c2a47b39a25958782d23d0a9431f0ca4a7abd49a325735d69d0c57ffb8ef8277faf2adec0633d776c51156e51156d52ef2c082b62010ddb5ea0def944eceef22f1ddcfbe23b7f571acd8da76f22f7e445f2796841a01c4c05f609000000808f050e792ac6460aca2bb7b3928a7299d5f3c4e9d1358f96abd66e575baac2ada511e65db3f22bd416bbda5a19612e8ba4424b79a4b93432bf4c6db52db2942ebbeb816b4920755aadc174a3c1986534eaf4b9bc0192566734dca433dec8c33d0d393a3df7bd6bc500500e7932395a43ae867cd4b0caa4cdba4a6f88bbfb8e84adebc3776d0adbf5387967d88e27d4854fa8766e52156de49ef7a71e8b28dcb46caf33a37ddff2bdbbbfd8da74e8ed710125c839f92b021f03a603fb0400000040e81172c6e14f3faba712270c843e39dbfdcee9cfac2f57ddb72ddc5c4eea19652d8eca2f893097ab2db6308b2dc26a8bca67070db796918346e4dbd4d69a98fce2f43befbbc698a3d59ab2f539ab4c7a5ef89377e0348aa540afd7196fd272ef3c873c757a0dab27273160d468d4f06eefab561ab3e3bf7d7bc296c7a2763eaedab9398c8f5bd43b1e8fdcb159bdb380ed73e706756141e25efb8ab686f4d6c694b6fda94db55f6f0e4440d9a0e9a3f89bc005817d0200000020e48800a1704eeea1e6a9ed1cfe6471a38bfdef9e59f358b96aedd659f9155196d2486bf1acfc9259f99522ea591e61a9505baa22f32bc83b55ebcac3ac9551f9555179559116dbe2fc1d2ca086cf6a7546bd3e4b58e66a9d3e57afd3e6e8b28c5462c8a63213cf69d7f1f2f262ea9196b774a79bb3af35e813efbe2df6a94723493a0b296d561516a8766e52efdc14ce998daac20d613b0b929b1c69079b52dbea525b6bd3da1a535a1a97eddbf3c596464540253f7f876f62a57c300dd82700000000428e98193ea68cfa244df373cfbbd8d25d1e3ef5eea71fab54addda65e57aeb69687e757ccfa45a9887a569280cece2f8eb494a92db608734584a5940434dc52196ea9989d5f11995f16f648e9226b51ea371fbad6f069932e2b4797cdf3daf5abf5fad526ad2987c39ebcf22715b2976ab5b93a2e34e93526c3aaebb49ab8bbef8cdd5a10c1f1ce025e5c69e746724d55e146d5ae0ddce1bef331f5ae82c4264746fbdef4b6c6f4e686b496ba94837b961dac4d696d4cd957fba5b67dae77fec11f07f1bc28b04f00000000841a524e32cd7333dc25c927f1f2ec7da3a39fdb54a5ba7f5b1807382bc82cd5d6ca30b32ddc6c8b3497cfce2f89349785b37772e073765ef99cbc722a8fb0502a0db796aa1e29573d52169fb73dfdf607ae327e46a73399747a03cf3e5aadd7ad318aed37b5bccd9151c393dd0d269dc9a8e1e599561a34f1dffe46ec96f511854f46ecd8aa2a7c8c8db348acaf44996232d10da49e094df68cf6a6d496fab496fa8c96bd19ad8d69adbb2965b435a636ef4b6bdafde5f6c6974fb18022f27911609f000000000835a2a77d02b142912c9f3c357aebc60ad5dac7c3492ecd1ccb9c652e8db09484ade3b19e91a2842e917a0ad72c999d4f3e4af65926ec93078086adab0cb394ccb294c7e7ed4cbef3c174d3ad7aad36479fcdbb6aea73747a13873cf51a12d06ca3514bf6a9e5d596320d86843b6f8bdbfa68641177b8873d45d229d4b36833873f29b3e331f5ce824452cf837b535b1b525a6b535b6a97b551a629bdb521bdb52ebda52ea3a531a5a52969bff36bad8d874fbf03f9bc08b04f00000000841e0e788ac8676086fbc0e8995b3654aaeedbaa268fb41647982b67e597ceca2b9c6529525bcbc2ac55613cc9bd2ad2ace8265969b1d2f31e41566a2e8f325746e657b2b39a2b22f22b232c55d1d6a2e43bd75e6d5c63d4dea4d3afca36ea352c9c59267d964127b641d2e973b4ba15067dec5db7f134a3c22d3cc4937bd837886ef74d3ce5a87053d8f68d3ccda8c9b1a26daf986654bfbcad36adb56ed9b30d4bdb1b535bf7a6b534a6917db6d6a7b6d6a7b434a6eeabf9c2fe3dcfffed0df1994cb089ce7833857d0200000020c44892ecf5ca3e2f0b288ff51c387de6e602a7eafe27232d1561d6d2b0473890499619c9b14f4ae51c0d0d443d957e76ee6a9f949f9a4840cdb6084be5026b61ea37efbd49979b9bcdd38bb28d595ac38d4643968124947741d2dfa8c949fcd65db14f3c165e44eab9595554a02edc105948c74d7c4aa97093ba70737ca33df320ab675a6b43aa489c690b64a6a5c6657b1d9fddbbfb4f6f8949486280018f0465e9a4bfc02253e2748602fb0400000040c8f179fd92e415ddefbda3676e2da808bbef09964b735994b52c22bf9432c14ef991128f0d2d573d521c6dd99e7ac703571b6ed6e84c0683516f30680c7afa33ea8c2b8c86a46fddb674d36f678b65957855790e7c6e0c2fdc18c633dc857aeedc9c40eaf9ecbe698a79b194dad6b87c5ff52dfbaa5f78eb4dfa403fb9a68f3f5508274684c23e01000000107a78ce116b58dfe8995b3697abee2b98955f12915f16652e9bf58be2d9bf288d0cb2c98f9e222d1c3a55afab5864294afee6c399865bf5da5c833647af37e66a0c57e98c71777e2376cb7fcdddf558f8f60d22d8b929ac68137b274f72a7234740139b1ce9ed4d4172f961526a5b43d281ea7fd9bbfbf9b7fec6dfeb27d3660b257cbc13d28c5650d82700000000420e89985f3a79eaddcf3d5ea1ba7f23cf19cab745e457cd3297ce32174799cbc5ba9e979e785e7c5ee57c5e07b43cdc5ab1d85cbcecf6b52b0d37ebb53cc3fd1a6d76fc9ddf88dfba3e6ad7efc376fe3eac70032fb154b425acf071f5f682b05d64a28f85eddc94d868e79595da1a539aeb82e4f203138f106dd997fcf49e9bf7d6bcc41150fa601e634008fbe4154e95d31908ec1300000000a186ccebac2c7f7fe71ed5bd9bb9abdd5c1a99e788c8afe6b19e9612f545c6747eb81469a98834dba2f2ec51f954d52ef5bad285e6d2a5df5abbd2a8cfd4dc1073f7d7176d79545df444384f2de2de76d1e7ce633dd5859bc3766c082bda18d354c5633ddbc458cf96fac966f9a1524b6346f3fef4d6a7539becdf7fe1c029f1d1f4d53cb79fbf3eb0bbd3cc04f609000000808f8186de9184bc5de1ffc913d8a3ac2511e64ab5d91e6eae08b79486afbbbc419f96f2706bb99a8ebfa88ce4194bbb22ace561eb6c3179db62bffeed84af7f2971d3efc28bb7ab0ab785edd8ccebc9b37d160496582adca42a2c58b2af32fd0f4d8a7a5e5a4a6f6d58c102ba777973dd0d75158ee3af71b45719fae9e7bd90787dfd990aec1300000000a1e68db1b12f3db15bb57657242fe4591a61290e5b571cc69bb657918646582ed73ed59612b5b534d252192656a19fcd8b31d9c27fbcf107554d05cfff61d1fadfa89edc1256b84d55f4387be7ae8dac9ebca47c4158214f334afb03afac1424941f31d565b4ee496fad5fded694d2b4e79bcd4f0fbeff3e473f2549d9075e595d7f6602fb0400000040a879e1cdb7e21edaa4ceab0ab3d866fda274b6a558f54851f83a5ee63332bf6aeaca4a97927859d0fc72eec4ff6549d8ba92a8bc0ad58fb7dfbebdf61f1e0fbdddf2dc1f2336fc5ab5e331364eded048249eeabe29a9debea2b5299397f0bc5cfb4c6fad496ddbb3b4bd31b16ddff206bbbdbf975e4dfa3926fadd67f0b04fd82700000000420b79d7774bead50f6f51e7954658aa67e797cdce2f0ae7b19e942e37eaa924ee795f4799ca704b59987597eabe0ddf78d2f9ba47ccfb91fc6765f991e7dbc31fb3a88a7ea72ade185eb829fca94deac282f886ca956d4d2b9e695871a03183043458283f4a6aa94f6fddb3bc6dcfb2f6a6e483fb920e543f74f88537c4ac778e7f06fae06728b04f00000000841452af4ffdbe5cf5f053e1ebaac2ac761ef7692e16dbb5739f7ba4a5242abf747cf7f64b4ce4b2c23e6d11f995ea7b37deb1bdfaf5b1319f1872a9acfcfebe2cfff2f9b6f04deb5485ebd5bca1d1a6d8065be6b3649c75a92d0de9cf342a6bcb5f7a6a69c8686948e599ef4d69bc0d92f3e6fa4ad79951fa7c491a63fd847d02000000008406b2c05bb754ab1eda116ea95259ab54c2384937c32c76b5a5824c74d687b04fee5b9fb887878a72673d9544898d3723f9b44a6dad54ddfbf89d4fd6be33c61dee5e5962f354c65bfa6512d0bce7db23d6af53ed2858b2b77af9b38de96db5e9adf5cbda1b52da4819cfbfcc677a4b70c97913dd96d9bc2fad795f7a4b63666b6dc6338ecfd4db5c67ce88377bc4d84fd18c1909ec13000000002185f4efb34f54ab7eba23d25ace1bb85bc9174ba2d83e6d741a6ee559f001adbc4022bf9c9d5f1a955f2a76e0ac8c3007e62a45e595ccceab88ca23f5b4a9f3edaafb1ebfeda99a37c7781f79219f12bf9b57daa47f6c7fa33c06f4e0b2f21d29079b52da49196b335aea52daea53dbeac5eeed4da9e4a02d4de92d74dc2bb6746fca68a6dbea52db3e7005d0c6f466be3fadad2e95ecf340cdad0d358a7d720bc88215099e91c03e010000001052c8bb6e79a246f5f04eb2cf706b4984b59cd49312a96464be3dc26c53ad23ad0c36cec929d2521e955fa6b69692b9aa7970675504c9a8a524d25a42f21a6eb5ab2c76d54f36ddb5b57a22eae9517c937bddf927b0dfa52493996e3cea5a59579ef64c636aebfed4b6c6d496dd696df5192d0d2b9aebd35b283564b2719289ee1531d14632544ad374734aa2a7329a9b96b7352e6faf4f6bad4b7b66cf2d0d3547ce9ca1d7fa253fbd5eb4668602fb04000000404821fbfcf4963daa9f96904146988b6759cb79917973091da3f2ec11f976b1f452b0710625525552cfb075956a0e7f0af534937796a91f290eb354aaee7bfc6b4fdade7e9fa39ee479f4e365d514ee29bc9363a064a0a2745496d7bb0f5d5b6b4f6b7e7a59cbd369ed4d69c22fd35b6bd3444a6fa9cde459440d2964936d8d3ca6937d34d8382727619f8dcbda39f104a6676a3f53e738323a4acee997fda4c2629fd1190aec13000000002185cc6ff506bbeaa1c23979a5b3cc95648d1196a2084bf1ac7cf2c82ab5a59232e7c6745e20855bc83b2bc941c5a4a55d62a8685584950a77a97ebcf12b5b1d6fbef7bef232af2cf978a14d164d1e6de9e38357f6fb25ce8920a49ff4f4d18e57ae733a529ede9fd2fa74066fd45ebbec601da7f65aca67b4d4ae10f1ce94364edc2f3fcd3883120928d96a4aebde8ce6bd69076affbdb1e6d5f7dea316f925ef180be8cc05f609000000809042126839f03fb31f7e62567e59447e7584990c92ec93979a57ad23ad2c9b9bf741f669e6b19e747fb885fcb5685e5ee9bc5fd8a2cc3695b54c75df966f6c75bc71f62cbdc82b495e619b7e798cf716a217d339e7fc5ed9ebf38ff924df18bb2909282fc3f95867c7357baad39ed997d2c2abcda7b4d72f6f6f58d6deb0bc9dbcb36e45736d260744eb535b1b793ce834dd0c4a3c3c94477feecf6cdebfb4c9fefbe37f26f7e40d36fd1ebfdf8fd8270000000040e8e87afb9de53fdf14965f1a6e76aa59284b23444f3ad927e5e77cf09cf70a16d0fcd22873c9ac7c52cfaa3979b630ab5db576eb5727a29eb2cf23629d22bce9f1f20643ca39c9280fbc1433e0bda21f9ce3a374811e5bef3ab4b2ae72796b635a4b63e6338d993c73685f4a6b93d8faa82e93bbe0eb449ffb07c63eebd35a6a535a1be8d9b4e6c6ebea6d0d4303dc28457da92ddc92190aec1300000000a1c6e3f73f5cf7acea27052aab8dedd3cae1cc7033096879388fe05496ffbc482ae319ee56bab33432bf32ca2cd4f3feadfffee4eed7cff2584fb64c652775b24a564d217b7cf0f26c734543e9b29ffebcf4c702ca57fda3b2fc6bf72b2b76576436f3c0cd15cdfbd20fec4f6fde9fdad6b4bcbd4ee982cff830db20b5d465f0369bf549edf54b1b6d3f78b6e52d1f3747bc580c03e006cd50609f0000000008312c5f7f7ef3efd7ff6a972aaf30dc4a06292432cfc6fdefd6629e081fac9b5312b969543edd531c49da6aad0cb396a9d66efbb7adce3747794923923b11d664efe4b38068d215fa19dfe45214f2752ef1f9658917e1148efa1e0968c7a1ab6bcb535b6b53daf7a6b73c9df9ccd369cdfb96712f3c2f9f94fee136e124fb4c69ab5dde5a63d85fbd6f7890aae6cf561a1268c40c05f6090000008050a3c422773ce752dfffdb4873e19cbce2a8fc8ac87c071f2d256aeb07acb81465ae98935f116e2d0b5b57acb614a9eedbf2e52db6bf8aa8a757e2c944dcb1ae88de39e3232115b6c965a2ef9d3bdc1509e408a857f2fbc797e17c47967fe57af9aadad2e4969ae56d7b57341fc87866dff2b646619f75649fa9dcf3fe419def2d7519cd7b6ed853f1e4609f180a406f54c6a12a6f55da3213817d0200000020d4f8c482eba35edf8f2b1bc37ef4fb08b3585ede5c392bcf3e2bbf52ecf91e6c9c9353a4b99c6e535b6d2a6ba5ea27055f79dcfec6284f2727a9f5f36476dec752113c7a8f9f0777d20b593745a20397f8941540e98f7c50f2fba884a39f1c02a53b48407f7be4e5abeaca97b7d46634ef5bf1ccbe9456b2cffab4d6facc665e883ed835a7a6544a2df52beaec3f7be9c537943e775e72d4475fcdefe73f7ef9cc04f6090000008050e3e58e71b6b051bff483aa036490e11cf22c8f64fbac8a328b5947e68a704abc885245042fea591e69a50c8ff814a7a49e36d5fd5bbeb0c5aecc709744d4939592838cfcc752c996e921b30c281f97b2f991a48ae19f22d8c9f6494f9219b21c32e2e75d59fe9debd0d57b2ad27975cf7d296d4dcbda482beb33792dcffa3431f728855db33ea38513efe72e9605a5f2d496ba8ca6ca7b5f7aaecfe31515926bf2d24fec9c93df3123817d0200000020d49083b1ed89552f4f49fe1f5634aa7ebc5e955f146125f52c9fc5bb685646e457869b2bd5ebaad4eb785d4f564f73196f8f642e0db756a92d55aab59bfe654bd9c0e8a8a892c76e728c51d1bb296a77299ee7e18a7899fa5f1f39b4a2b66a796bc3f2b6a694b6bdcbda1b53daead29b6b335a1a79e9a5365e9a7e65737d66736d6a4b2d5d4a6b6d487fa631b3a1ea9e179fe9f5882e770f8b27db3635846b9de9c03e01000000106ad80f59c52431ebdc7fdaef7bc8d618fdf36daa9f16aacdbcf551848544b322d2521e915f12652da36344bee88eb7f2be9aaafc62d58f1ffdcaa68abf04a29e81582755c9714cae5d79cfa5c3c151d1334f6efbdf475ecadc539c7a6037eff3deb24f6cfbde90de564b29ad998e4d4bdbf72d6ddfcf8b2bb5d52f7fa6e6ea26fbbd2f3cdb33c66da306497ee97dd1efceb58a86fd331af80906f6090000008010437ee863ef64f394bcfe403cb0f9f8b0eed73b546b37ab7e5ea47aa454bdae9434748eb97c565e5914ef085f166e290ba34b6bb72fb514fdf2c09ffe7a468cf5e49e76964f123afa37bec6a7a8f1322069e459f0a2a27764f9c963ee7fddbb27b5b16a59735d6a4b13ef78d45a93d15ecbdb6fb6927a1e486cdb97dc5c97beb7eae6c6aa9dfd274e0a1b964939c5180331bd89da05fb64609f00000000083164663ec9ef91fc7eaf9f3719e251994241ff7cead43dd5cd57fdaa2cec271b54f76d52ff747b447e99da5ca9ca2b51adddaafad1efd3f2b6ddfc6859dd8961518fec218d25f3e45e77e19e4aec93af5caedd513da4c57e318d892aa3d3c3a74fff9f679fd61f7066d496a7efa94c3bb07b596bddf2d6fa94a7eb32f6545f5b5375f3bedd3feb78e1c5536f076c9aacd34f076e210f34e52f144dfca7b4ef930cec130000000021879cce2f797983751f6fb9cee14b363c251d7fe7bdf57b9ffb79e31f8d1baa673fb029f2a12796feb2f4870dcfffb2e1e0fe63bda301893beb93bd63dcad2d260bf1984fee2957ec4edc70795005c269491fc5ae98fc775696dbde7ae351d7cbbfe9ecf87cdbfe958db6ab1baa3ed7d6f87fbb5cdb0f1d3af6eebb3c8e959ff351db3cf278873b4ba888f52aed12727ad9edfb0403fb0400000040c811a1407110e2288d49b287f30c4b2441c7ee53a3cff50dffa16fa4e3f5b794dd33c7f1f878f34c0fdb9c7848489d4fb8a2f2f46543358ac472abb453b831bd801c942cf3b5d1d1fff9db9b2fbcf5a66bf4f4db8167180f4fbda787588745f453799a63a8e263b94ebaa478eacc04f609000000809023948c3d9133e464e4918ad4f14aa0dcdf4dfe16ccb80f72121396d8edf83e4ae473649f5c03bb9f72cbe5c19570fdca91aae622964821c7e34b332904e2b6128f20102d511e9ff8e1c41551860bf91eb2d8190bec1300000000a187f4cd277c5171342546c8bddc2c698ac129da26aeb2d989153a4581b82a1ea5835285d03a115e14decafe77b9703b4430550c2ee58240d3a8197eb162a957f69ee5de7fafc48308a8e5a2dd2cabf47e16d70ba6c0618602fb040000004088214df3f8e53165114c51c0bf8a708e7b99104cbe81fd8f6ccfc39ee70b2cd7ce8639e9193e156a2a4e1501546ab964265453cc5917af1582ccf5f2dba8c44b05f40d0127167ff4721f5b35092be9e9781be837d0cea969a602fb0400000040a81162371e1d0c9408d7e30c6559d684ff711265e3f0254a224aca5e4892478248e5810b7c3fcbe778bd978c7839d542af09bc96eb1f375ba551e277e2946ef128c15bbe5f3444b941409fc655514e144d94cf40609f000000000839135e366e614ac1b83e72a9722a4ac6738113fa534c351016558ae918905745fe2e13aa440825d7499505ea0de4020de1dbce358ceee481ab4a61a029e792e2cb94a13fa564c602fb04000000c0279a992c729f48609f00000000002074c03e010000000040e8807d020000000080d001fb040000000000a103f60900000000004207ec130000000000840ed8270000000000081db04f0000000000103a609f00000000002074c03e01000000f04964f276954a667209b872817d02000000e013086fbe1ed8839d7750e73dd829ebe72b90d02b1bd827000000003e81b060926b4eb6cf4029fd8942708502fb04000000c02717453527ec5381ad349005571eb04f000000007c7251ec933bdc2709a75208ae50609f00000000002074c03e010000000040e8807d020000000080d001fb040000000000a103f60900000000004207ec130000000097cbfe7b54c43dfb03a782eecdb9e729994ceee6ee6985ca134a7d414cad4c70bef7060a45e501263525b80de7a974fc9ee04be7aff71c93af5cb40de22ae795bb8218bfe98295077dc2f9bee0ca06f60900000080cb842c2af79e7b826473b26e294c2f21b87042adc6b56c9c2917a773def78ad25c12b473a5935e3cb546a17fd35e20eea11aa65ea07befb987aa9edcd6a0774cb978e1368847cf5d096e1473b1caa7dc1d5cd52701d827000000002e0f56adcddd93f58a093e3f5f0931c5a50255054e822f0673fef72ac5fba974a278d22dd36a3c8fbe29b74f6d4a70d9b47a8849555db40dd3de195cd9c52b9f7af55c933e31c03e0100000070598cfb4f90334dd62d85e925c4e4a7387f512d9bc205de3b5e3ea998b3816aa7d7784eebc609dc3ed9eb828ba657c39c7be2a26d98f6caa0da3ea0f2c997391fd4fa2b1fd827000000002e83492e34d59af86caa1709553a8772714a61b0734dad710a932e05dd35a1692c7922c737049a32bdc660153c77fbb92be3554e543da9c6494c7f401405b761d27d0a418dfa80caf9f204931efbc400fb04000000c0a533459ca69d4c75a8f35ad5a46782a52ca8c2294c7bd5b9db26cc6fc2fd26bd787a8de77fab2819bf3451e344667a35ccc4e549395109e527b541144d7e65506d1f50f9a4cbc1157d32807d02000000e0d221130a62dc9b26eb96c2f41262b26a4dd3ae6905e3f0852026ee9b647e013fdb7ceec5d36a3c8fc0f13d4a91923b57e194dcb46f995476ee46e5644a1ba63d1cdca88b573ef9ee699ff34900f609000000804b27a8ef976d6892244d55a8e925c4547f0af2ae0bc915df76a1f7f2c549d7c4152270716a8de2e2b41770e9a4dbcf3d3cb9eae047a79e5fb40dc15f29ae4f69c5452b9f7a77705d9f00609f00000000b874a699cf840d8d2b5700f2a5a01245a1a6ba54904c055d1ce77cc675ae8c72539e515e1bb87f7aab44f114f89ef1eac5fd13ef0aaa9adf39c194aa2eda86496d55e0abd35a72c1ca83ee0eaeecca07f60900000000004207ec130000000000840ed8270000000000081db04f000000007c542459f6c9b25ff64b9ce59c4f92fc9c57929f8f5e7193b83e197a44dc4977495e9f528f729494e794e7271e554e03b94019fd04ee93f821cad1a978a338a18352ad725949812b54246e177ffce3a35bf857dc4c2574a087030de2837251b959818af8247045b440dc2c4e940315f0cb44e2fb283381682bbf945e327e9782785afc67e5ffb2814f53a07b445e3ce51bbfa234842f06ea10b7898b134f5e71c03e010000000040e8807d020000000080d001fb040000000000a103f60900000000004207ec130000000000840ed8270000000000081db04f0000000000103a609f00000000002074c03e010000000040e8807d020000000080d001fb040000000000a103f60900000000004207ec130000000000840ed8270000000000081db04f0000000000103a609f00000000002074c03e010000000040e8807d020000000080d001fb040000000000a103f60900000000004207ec130000000000840ed8270000000000081db04f0000000000103a609f00000000002074c03e010000000040e8807d020000000080d001fb040000000000a103f60900000000004207ec130000000000840ed8270000000000081db04f0000000000103a609f00000000002074c03e010000000040e8807d020000000080d001fb040000000000a103f609000000000042852cff7f01b25dd851a09c240000000049454e44ae426082);